Compound ID 1,Compound ID 2,Similarity,Activity 1,Activity 2,Delta Activity,SALI
C_334,C_344,0.9999,5.146,4.504,0.642,4516.9
C_343,C_372,0.9999,4.91,4.492,0.418,4463.4
C_340,C_351,0.9998,4.077,4.714,0.638,3566.2
C_358,C_361,0.9998,4.577,5,0.423,2547.9
C_339,C_370,0.9997,5.067,4.631,0.436,1666.4
C_565,C_594,0.9998,6.398,6.155,0.243,1217.5
C_339,C_340,0.999,5.067,4.077,0.99,1008.2
C_085,C_127,0.9992,5.046,5.699,0.653,829.67
C_418,C_541,0.9988,4.799,5.686,0.888,739.96
C_060,C_162,0.9979,5.77,4.513,1.257,598.44
C_442,C_481,0.9983,4.525,5.513,0.988,582.96
C_339,C_352,0.9994,5.067,4.726,0.341,576.28
C_340,C_352,0.9989,4.077,4.726,0.649,573.45
C_009,C_375,0.9988,5.32,4.644,0.676,541.13
C_035,C_036,0.9995,5.55,5.319,0.231,490.74
C_339,C_351,0.9993,5.067,4.714,0.352,480.89
C_405,C_515,0.9996,6.824,7,0.176,476.89
C_340,C_370,0.9988,4.077,4.631,0.554,442.41
C_340,C_369,0.9985,4.077,4.719,0.642,429.98
C_057,C_060,0.9988,5.244,5.77,0.525,418.99
C_339,C_369,0.9992,5.067,4.719,0.348,411.75
C_368,C_372,0.999,4.903,4.492,0.411,407.94
C_007,C_014,0.9971,6.921,5.824,1.097,375.21
C_405,C_410,0.9995,6.824,7,0.176,372.78
C_009,C_366,0.9987,5.32,4.879,0.44,344.64
C_528,C_541,0.9982,5.08,5.686,0.606,340.51
C_279,C_282,0.9983,4.821,4.273,0.548,323.22
C_348,C_358,0.9989,4.903,4.577,0.326,300.31
C_029,C_033,0.9995,5.527,5.387,0.14,299.16
C_035,C_618,0.9994,5.55,5.374,0.176,283.8
C_085,C_124,0.9964,5.046,6.018,0.972,270.83
C_150,C_151,0.9858,4.469,8.237,3.768,265.74
C_394,C_612,0.9976,5.556,4.927,0.629,263.02
C_372,C_374,0.9988,4.492,4.745,0.253,212.93
C_116,C_117,0.9982,5.222,4.854,0.368,206.32
C_036,C_618,0.9997,5.319,5.374,0.055,199.8
C_368,C_374,0.9992,4.903,4.745,0.158,198.76
C_060,C_061,0.9941,5.77,4.646,1.124,190.77
C_603,C_629,0.9975,4.118,4.595,0.477,187.72
C_402,C_601,0.9975,5.213,4.754,0.458,184.06
C_495,C_604,0.9976,4.916,4.49,0.426,179.44
C_101,C_368,0.9992,4.757,4.903,0.146,177.19
C_035,C_038,0.9989,5.55,5.355,0.195,174.49
C_437,C_438,0.9972,4.479,4.006,0.473,170.95
C_342,C_361,0.9987,4.793,5,0.207,164.54
C_516,C_522,0.9981,4.583,4.893,0.31,163.53
C_342,C_358,0.9986,4.793,4.577,0.216,159.47
C_358,C_365,0.9981,4.577,4.845,0.268,144.15
C_335,C_356,0.9975,5.057,4.697,0.36,143.64
C_369,C_370,0.9994,4.719,4.631,0.088,141.85
C_168,C_170,0.9994,5.602,5.523,0.079,140.26
C_024,C_038,0.9994,5.277,5.355,0.078,138.64
C_082,C_176,0.9926,6.26,5.229,1.031,138.54
C_057,C_162,0.9947,5.244,4.513,0.731,137.42
C_366,C_375,0.9983,4.879,4.644,0.235,136.77
C_026,C_031,0.9996,5.602,5.554,0.048,132.53
C_342,C_348,0.9992,4.793,4.903,0.11,131.86
C_101,C_372,0.998,4.757,4.492,0.265,130.81
C_020,C_070,0.9863,5.432,7.222,1.79,130.29
C_240,C_241,0.999,4.987,5.117,0.13,129.14
C_017,C_070,0.9748,4,7.222,3.222,127.87
C_394,C_442,0.9915,5.556,4.525,1.031,120.58
C_343,C_374,0.9986,4.91,4.745,0.165,119.77
C_083,C_345,0.9952,4.759,5.319,0.559,116.2
C_356,C_357,0.9969,4.697,5.061,0.364,115.57
C_012,C_017,0.9705,7.398,4,3.398,115.07
C_352,C_370,0.9992,4.726,4.631,0.095,113.45
C_380,C_382,0.9983,4.454,4.648,0.194,113.13
C_222,C_223,0.9985,6.328,6.161,0.167,109.93
C_177,C_182,0.9961,7,6.569,0.431,109.51
C_099,C_108,0.9957,4.77,4.301,0.469,108.19
C_280,C_282,0.9909,5.253,4.273,0.98,107.9
C_361,C_365,0.9986,5,4.845,0.155,106.91
C_136,C_501,0.9973,5.409,5.69,0.281,103.69
C_349,C_364,0.9913,4.275,5.176,0.901,102.93
C_150,C_173,0.9785,4.469,6.62,2.151,100.18
C_348,C_373,0.9978,4.903,4.697,0.206,94.483
C_342,C_365,0.9994,4.793,4.845,0.051,91.87
C_500,C_504,0.9891,4.699,5.699,1,91.582
C_348,C_361,0.9989,4.903,5,0.097,90.477
C_422,C_504,0.9888,4.699,5.699,1,89.007
C_280,C_283,0.9962,5.253,4.926,0.327,86.109
C_124,C_127,0.9963,6.018,5.699,0.319,85.269
C_365,C_373,0.9983,4.845,4.697,0.148,85.188
C_516,C_604,0.9989,4.583,4.49,0.093,85.059
C_481,C_612,0.993,5.513,4.927,0.585,84.113
C_437,C_543,0.9987,4.479,4.371,0.109,83.771
C_351,C_370,0.999,4.714,4.631,0.084,80.72
C_021,C_160,0.9707,5.886,8.215,2.329,79.577
C_383,C_386,0.992,4.469,5.102,0.633,79.058
C_223,C_224,0.9956,6.161,5.824,0.337,77.003
C_187,C_189,0.9987,4.99,4.894,0.096,74.361
C_349,C_357,0.9894,4.275,5.061,0.786,74.34
C_533,C_630,0.9976,6.398,6.222,0.176,74.244
C_442,C_612,0.9945,4.525,4.927,0.402,72.694
C_150,C_174,0.9736,4.469,6.387,1.919,72.616
C_101,C_343,0.9979,4.757,4.91,0.153,72.546
C_504,C_511,0.9862,5.699,4.699,1,72.475
C_224,C_225,0.9948,5.824,6.194,0.37,71.711
C_486,C_504,0.9857,4.699,5.699,1,69.902
C_348,C_365,0.9992,4.903,4.845,0.058,69.712
C_361,C_373,0.9956,5,4.697,0.303,69.599
C_335,C_349,0.9887,5.057,4.275,0.782,69.021
C_012,C_020,0.9708,7.398,5.432,1.966,67.26
C_495,C_516,0.995,4.916,4.583,0.333,66.097
C_013,C_172,0.9666,5.658,7.824,2.166,64.925
C_522,C_604,0.9938,4.893,4.49,0.403,64.811
C_323,C_324,0.9912,4.105,4.64,0.536,60.704
C_277,C_280,0.9984,5.157,5.253,0.097,60.407
C_195,C_197,0.9963,4.737,4.955,0.218,59.327
C_356,C_364,0.9919,4.697,5.176,0.479,59.127
C_504,C_621,0.983,5.699,4.699,1,58.781
C_187,C_193,0.9982,4.99,5.094,0.104,57.974
C_438,C_543,0.9937,4.006,4.371,0.365,57.434
C_490,C_504,0.9826,4.699,5.699,1,57.409
C_504,C_592,0.9825,5.699,4.699,1,57.243
C_439,C_504,0.9823,4.699,5.699,1,56.393
C_377,C_390,0.9931,4.793,5.181,0.388,56.182
C_504,C_625,0.982,5.699,4.699,1,55.614
C_151,C_182,0.9698,8.237,6.569,1.668,55.289
C_442,C_611,0.9821,4.525,5.499,0.974,54.27
C_047,C_610,0.9956,5.347,5.585,0.238,54.211
C_222,C_224,0.9904,6.328,5.824,0.504,52.664
C_378,C_383,0.9876,5.112,4.469,0.644,51.72
C_418,C_528,0.9944,4.799,5.08,0.282,50.597
C_200,C_282,0.9865,4.954,4.273,0.681,50.52
C_017,C_020,0.9698,4,5.432,1.432,47.355
C_504,C_638,0.9789,5.699,4.699,1,47.323
C_174,C_180,0.9933,6.387,6.699,0.312,46.556
C_277,C_282,0.981,5.157,4.273,0.884,46.491
C_406,C_504,0.9785,4.699,5.699,1,46.41
C_009,C_016,0.9919,5.32,4.947,0.373,45.951
C_275,C_282,0.9853,4.947,4.273,0.674,45.721
C_190,C_197,0.9915,4.579,4.955,0.376,44.42
C_276,C_280,0.9931,4.95,5.253,0.303,43.785
C_441,C_571,0.996,6.824,7,0.176,43.582
C_085,C_222,0.9703,5.046,6.328,1.282,43.105
C_504,C_614,0.9768,5.699,4.699,1,43.004
C_454,C_459,0.9688,7,5.678,1.322,42.408
C_108,C_182,0.9461,4.301,6.569,2.268,42.076
C_060,C_086,0.968,5.77,4.427,1.342,41.923
C_507,C_601,0.9905,5.151,4.754,0.397,41.694
C_504,C_562,0.9759,5.699,4.699,1,41.571
C_083,C_371,0.9943,4.759,4.996,0.236,41.529
C_138,C_140,0.9503,5.143,7.167,2.025,40.777
C_274,C_283,0.9936,5.187,4.926,0.261,40.523
C_007,C_022,0.9341,6.921,4.26,2.661,40.353
C_160,C_176,0.9247,8.215,5.229,2.986,39.64
C_189,C_191,0.9936,4.894,5.148,0.253,39.322
C_482,C_630,0.9955,6.398,6.222,0.176,39.254
C_108,C_177,0.931,4.301,7,2.699,39.119
C_403,C_454,0.966,5.678,7,1.322,38.913
C_150,C_180,0.9425,4.469,6.699,2.23,38.815
C_140,C_141,0.965,7.167,5.824,1.344,38.333
C_169,C_185,0.9975,5.699,5.602,0.097,38.122
C_085,C_223,0.9705,5.046,6.161,1.115,37.857
C_007,C_017,0.9226,6.921,4,2.921,37.755
C_432,C_504,0.9727,4.699,5.699,1,36.671
C_009,C_102,0.98,5.32,4.59,0.73,36.448
C_342,C_373,0.9974,4.793,4.697,0.096,36.298
C_504,C_514,0.9723,5.699,4.699,1,36.079
C_184,C_185,0.9938,5.824,5.602,0.222,35.936
C_131,C_224,0.9721,6.824,5.824,1,35.89
C_108,C_173,0.9351,4.301,6.62,2.319,35.706
C_082,C_160,0.9451,6.26,8.215,1.955,35.605
C_167,C_169,0.9828,5.097,5.699,0.602,34.898
C_396,C_454,0.962,5.678,7,1.322,34.749
C_504,C_632,0.971,5.699,4.699,1,34.517
C_057,C_061,0.9825,5.244,4.646,0.598,34.209
C_166,C_169,0.9837,5.155,5.699,0.544,33.467
C_150,C_182,0.9371,4.469,6.569,2.1,33.386
C_277,C_283,0.9931,5.157,4.926,0.23,33.205
C_151,C_183,0.9464,8.237,6.481,1.755,32.753
C_106,C_240,0.9797,4.325,4.987,0.662,32.648
C_151,C_177,0.9619,8.237,7,1.237,32.434
C_167,C_184,0.9774,5.097,5.824,0.727,32.153
C_172,C_183,0.9579,7.824,6.481,1.342,31.906
C_504,C_564,0.9685,5.699,4.699,1,31.696
C_279,C_280,0.9863,4.821,5.253,0.432,31.638
C_151,C_173,0.9489,8.237,6.62,1.617,31.631
C_198,C_282,0.9753,5.036,4.273,0.763,30.932
C_349,C_356,0.9863,4.275,4.697,0.422,30.888
C_108,C_175,0.9235,4.301,6.638,2.337,30.566
C_106,C_241,0.9739,4.325,5.117,0.793,30.41
C_190,C_195,0.9947,4.579,4.737,0.158,29.663
C_428,C_624,0.9943,5.312,5.481,0.169,29.638
C_137,C_140,0.9432,5.495,7.167,1.673,29.46
C_355,C_359,0.9869,4.439,4.821,0.382,29.089
C_166,C_170,0.9871,5.155,5.523,0.368,28.574
C_276,C_282,0.9763,4.95,4.273,0.677,28.57
C_131,C_223,0.9766,6.824,6.161,0.663,28.329
C_396,C_527,0.9777,5.678,6.301,0.623,27.897
C_139,C_140,0.9648,6.187,7.167,0.98,27.816
C_021,C_176,0.9763,5.886,5.229,0.657,27.671
C_177,C_183,0.9811,7,6.481,0.519,27.496
C_010,C_075,0.9712,4.848,4.07,0.778,26.997
C_502,C_612,0.9868,5.281,4.927,0.354,26.913
C_014,C_022,0.9415,5.824,4.26,1.564,26.754
C_334,C_375,0.9812,5.146,4.644,0.502,26.688
C_034,C_035,0.9899,5.281,5.55,0.268,26.537
C_085,C_131,0.9325,5.046,6.824,1.778,26.358
C_611,C_612,0.9783,5.499,4.927,0.572,26.299
C_276,C_277,0.9921,4.95,5.157,0.207,26.255
C_075,C_106,0.9903,4.07,4.325,0.255,26.245
C_358,C_373,0.9954,4.577,4.697,0.12,26.202
C_277,C_279,0.9872,5.157,4.821,0.335,26.153
C_151,C_180,0.9411,8.237,6.699,1.538,26.111
C_187,C_191,0.9939,4.99,5.148,0.157,25.888
C_166,C_185,0.9827,5.155,5.602,0.447,25.858
C_160,C_183,0.933,8.215,6.481,1.733,25.853
C_161,C_185,0.9784,5.046,5.602,0.556,25.749
C_166,C_184,0.9739,5.155,5.824,0.669,25.62
C_012,C_014,0.938,7.398,5.824,1.574,25.373
C_403,C_527,0.975,5.678,6.301,0.623,24.928
C_030,C_157,0.9937,5.309,5.467,0.158,24.924
C_021,C_183,0.9757,5.886,6.481,0.595,24.542
C_139,C_160,0.9166,6.187,8.215,2.028,24.318
C_069,C_070,0.9241,5.377,7.222,1.845,24.312
C_077,C_341,0.9928,4.374,4.547,0.173,24.168
C_495,C_522,0.999,4.916,4.893,0.023,23.555
C_013,C_017,0.9294,5.658,4,1.658,23.46
C_012,C_070,0.9925,7.398,7.222,0.176,23.396
C_195,C_275,0.9909,4.737,4.947,0.21,23.202
C_167,C_185,0.978,5.097,5.602,0.505,22.936
C_442,C_541,0.9493,4.525,5.686,1.161,22.878
C_138,C_139,0.9543,5.143,6.187,1.044,22.852
C_377,C_378,0.986,4.793,5.112,0.319,22.756
C_069,C_173,0.9446,5.377,6.62,1.243,22.423
C_106,C_232,0.9728,4.325,4.934,0.609,22.384
C_084,C_095,0.9681,4.796,4.086,0.71,22.223
C_127,C_222,0.9716,5.699,6.328,0.629,22.125
C_190,C_193,0.9767,4.579,5.094,0.515,22.116
C_161,C_169,0.9704,5.046,5.699,0.653,22.07
C_018,C_024,0.9913,5.469,5.277,0.192,22.016
C_442,C_502,0.9649,4.525,5.281,0.756,21.546
C_193,C_195,0.9833,5.094,4.737,0.357,21.437
C_014,C_070,0.9344,5.824,7.222,1.398,21.325
C_138,C_144,0.9122,5.143,7,1.857,21.159
C_174,C_177,0.971,6.387,7,0.613,21.147
C_099,C_178,0.9272,4.77,6.284,1.514,20.809
C_069,C_174,0.9511,5.377,6.387,1.011,20.672
C_075,C_240,0.9556,4.07,4.987,0.917,20.643
C_058,C_165,0.9914,4.686,4.863,0.177,20.634
C_021,C_150,0.9306,5.886,4.469,1.418,20.436
C_282,C_283,0.968,4.273,4.926,0.653,20.426
C_394,C_607,0.9841,5.556,5.231,0.325,20.378
C_169,C_184,0.9938,5.699,5.824,0.125,20.215
C_200,C_280,0.9851,4.954,5.253,0.299,20.138
C_383,C_385,0.9604,4.469,5.264,0.796,20.111
C_474,C_540,0.9763,7,6.523,0.477,20.094
C_161,C_184,0.9609,5.046,5.824,0.778,19.881
C_056,C_375,0.9525,5.583,4.644,0.939,19.775
C_094,C_095,0.9924,4.237,4.086,0.15,19.674
C_077,C_347,0.9837,4.374,4.693,0.319,19.593
C_173,C_180,0.9959,6.62,6.699,0.079,19.427
C_075,C_241,0.9457,4.07,5.117,1.048,19.291
C_335,C_364,0.9938,5.057,5.176,0.119,19.273
C_016,C_375,0.9843,4.947,4.644,0.303,19.246
C_265,C_282,0.9581,5.077,4.273,0.804,19.182
C_114,C_116,0.9647,4.553,5.222,0.669,18.97
C_124,C_222,0.9836,6.018,6.328,0.31,18.913
C_060,C_062,0.9562,5.77,4.943,0.826,18.855
C_199,C_275,0.9677,4.349,4.947,0.599,18.523
C_538,C_540,0.9742,7,6.523,0.477,18.514
C_357,C_364,0.9937,5.061,5.176,0.115,18.237
C_377,C_386,0.983,4.793,5.102,0.309,18.214
C_507,C_557,0.9811,5.151,4.806,0.345,18.204
C_188,C_193,0.9988,5.072,5.094,0.023,18.195
C_607,C_611,0.9853,5.231,5.499,0.268,18.143
C_028,C_033,0.9924,5.524,5.387,0.137,18.14
C_173,C_177,0.9789,6.62,7,0.38,18.04
C_198,C_278,0.9877,5.036,5.256,0.22,17.938
C_438,C_495,0.9492,4.006,4.916,0.91,17.908
C_195,C_281,0.9801,4.737,5.093,0.356,17.893
C_459,C_527,0.9643,5.678,6.301,0.623,17.433
C_502,C_611,0.9873,5.281,5.499,0.217,17.093
C_031,C_156,0.994,5.554,5.656,0.101,16.917
C_241,C_337,0.9855,5.117,4.874,0.243,16.811
C_137,C_139,0.9587,5.495,6.187,0.692,16.776
C_021,C_140,0.9229,5.886,7.167,1.281,16.613
C_131,C_222,0.97,6.824,6.328,0.496,16.53
C_438,C_522,0.9458,4.006,4.893,0.887,16.361
C_606,C_629,0.9867,4.812,4.595,0.217,16.311
C_018,C_038,0.993,5.469,5.355,0.114,16.168
C_127,C_223,0.9714,5.699,6.161,0.462,16.151
C_607,C_612,0.981,5.231,4.927,0.304,16.011
C_085,C_225,0.9274,5.046,6.194,1.148,15.802
C_009,C_344,0.9484,5.32,4.504,0.815,15.793
C_127,C_131,0.9275,5.699,6.824,1.125,15.507
C_193,C_194,0.9648,5.094,4.553,0.542,15.365
C_405,C_571,0.9885,6.824,7,0.176,15.304
C_061,C_162,0.9913,4.646,4.513,0.133,15.234
C_405,C_445,0.9884,6.824,7,0.176,15.191
C_188,C_194,0.9656,5.072,4.553,0.519,15.105
C_394,C_418,0.9498,5.556,4.799,0.757,15.088
C_085,C_224,0.948,5.046,5.824,0.778,14.956
C_345,C_371,0.9784,5.319,4.996,0.323,14.93
C_016,C_076,0.9938,4.947,4.854,0.093,14.914
C_603,C_606,0.9531,4.118,4.812,0.694,14.813
C_061,C_062,0.9799,4.646,4.943,0.297,14.799
C_540,C_641,0.9677,6.523,7,0.477,14.776
C_275,C_280,0.9792,4.947,5.253,0.306,14.69
C_442,C_607,0.9517,4.525,5.231,0.706,14.615
C_006,C_056,0.9093,4.269,5.583,1.314,14.481
C_195,C_280,0.9642,4.737,5.253,0.517,14.408
C_078,C_345,0.9493,4.593,5.319,0.725,14.305
C_384,C_385,0.959,4.679,5.264,0.586,14.273
C_387,C_388,0.9959,4.592,4.534,0.058,14.267
C_541,C_557,0.9376,5.686,4.806,0.88,14.106
C_026,C_156,0.9962,5.602,5.656,0.054,14.095
C_383,C_390,0.9488,4.469,5.181,0.712,13.916
C_036,C_038,0.9974,5.319,5.355,0.036,13.889
C_485,C_540,0.9656,7,6.523,0.477,13.862
C_141,C_144,0.9151,5.824,7,1.176,13.853
C_418,C_481,0.9476,4.799,5.513,0.714,13.642
C_541,C_601,0.9317,5.686,4.754,0.932,13.635
C_167,C_170,0.9687,5.097,5.523,0.426,13.624
C_394,C_481,0.9968,5.556,5.513,0.043,13.58
C_361,C_372,0.9626,5,4.492,0.508,13.578
C_276,C_283,0.9983,4.95,4.926,0.024,13.521
C_378,C_388,0.9572,5.112,4.534,0.579,13.509
C_009,C_076,0.9654,5.32,4.854,0.466,13.475
C_170,C_184,0.9775,5.523,5.824,0.301,13.365
C_006,C_055,0.9371,4.269,5.108,0.839,13.325
C_415,C_540,0.9641,7,6.523,0.477,13.297
C_188,C_190,0.9625,5.072,4.579,0.493,13.139
C_438,C_516,0.956,4.006,4.583,0.577,13.129
C_167,C_168,0.9614,5.097,5.602,0.505,13.09
C_167,C_171,0.9444,5.097,5.824,0.727,13.068
C_192,C_197,0.9874,4.791,4.955,0.164,12.982
C_394,C_502,0.9788,5.556,5.281,0.274,12.934
C_189,C_278,0.972,4.894,5.256,0.361,12.887
C_140,C_160,0.9186,7.167,8.215,1.047,12.856
C_138,C_141,0.9469,5.143,5.824,0.681,12.82
C_137,C_138,0.9723,5.495,5.143,0.352,12.721
C_074,C_184,0.9761,5.523,5.824,0.301,12.618
C_402,C_557,0.9678,5.213,4.806,0.406,12.603
C_124,C_131,0.935,6.018,6.824,0.806,12.406
C_075,C_232,0.9301,4.07,4.934,0.864,12.354
C_345,C_363,0.9574,5.319,4.793,0.526,12.336
C_194,C_196,0.9413,4.553,5.275,0.722,12.304
C_177,C_178,0.9413,7,6.284,0.716,12.197
C_169,C_170,0.9856,5.699,5.523,0.176,12.19
C_057,C_086,0.9328,5.244,4.427,0.817,12.148
C_024,C_618,0.992,5.277,5.374,0.097,12.14
C_358,C_362,0.9721,4.577,4.914,0.337,12.081
C_394,C_522,0.9439,5.556,4.893,0.662,11.804
C_265,C_280,0.985,5.077,5.253,0.176,11.764
C_173,C_174,0.9801,6.62,6.387,0.233,11.678
C_101,C_374,0.999,4.757,4.745,0.012,11.611
C_166,C_168,0.9611,5.155,5.602,0.447,11.49
C_495,C_543,0.9521,4.916,4.371,0.546,11.396
C_276,C_278,0.9732,4.95,5.256,0.306,11.392
C_382,C_390,0.9531,4.648,5.181,0.533,11.37
C_376,C_386,0.9423,4.446,5.102,0.656,11.358
C_402,C_418,0.9635,5.213,4.799,0.414,11.34
C_056,C_366,0.9377,5.583,4.879,0.704,11.291
C_386,C_387,0.9546,5.102,4.592,0.51,11.241
C_062,C_162,0.9617,4.943,4.513,0.43,11.236
C_122,C_363,0.9778,4.547,4.793,0.246,11.102
C_188,C_195,0.9698,5.072,4.737,0.335,11.071
C_379,C_390,0.9294,4.4,5.181,0.781,11.066
C_166,C_171,0.9395,5.155,5.824,0.669,11.051
C_195,C_277,0.9619,4.737,5.157,0.42,11.014
C_438,C_604,0.9557,4.006,4.49,0.484,10.94
C_338,C_360,0.9706,4.708,4.39,0.317,10.783
C_522,C_543,0.9508,4.893,4.371,0.523,10.624
C_528,C_543,0.9331,5.08,4.371,0.71,10.602
C_410,C_441,0.9834,7,6.824,0.176,10.598
C_351,C_352,0.9989,4.714,4.726,0.011,10.566
C_278,C_283,0.9686,5.256,4.926,0.329,10.505
C_380,C_390,0.9305,4.454,5.181,0.727,10.452
C_084,C_094,0.946,4.796,4.237,0.559,10.354
C_394,C_528,0.9534,5.556,5.08,0.476,10.21
C_198,C_275,0.9913,5.036,4.947,0.088,10.169
C_021,C_082,0.9633,5.886,6.26,0.374,10.166
C_199,C_279,0.9532,4.349,4.821,0.473,10.102
C_070,C_172,0.9403,7.222,7.824,0.602,10.086
C_481,C_607,0.972,5.513,5.231,0.282,10.067
C_200,C_279,0.9868,4.954,4.821,0.133,10.056
C_187,C_190,0.9588,4.99,4.579,0.411,9.9727
C_198,C_279,0.9783,5.036,4.821,0.214,9.8894
C_402,C_541,0.9515,5.213,5.686,0.474,9.7541
C_442,C_528,0.9431,4.525,5.08,0.555,9.7484
C_026,C_136,0.98,5.602,5.409,0.193,9.6405
C_385,C_386,0.9828,5.264,5.102,0.163,9.4507
C_275,C_277,0.9778,4.947,5.157,0.209,9.4219
C_037,C_135,0.9733,5.303,5.554,0.252,9.4212
C_377,C_380,0.964,4.793,4.454,0.339,9.4172
C_026,C_032,0.9701,5.602,5.321,0.281,9.4026
C_437,C_495,0.9533,4.479,4.916,0.437,9.3466
C_026,C_037,0.968,5.602,5.303,0.299,9.3444
C_034,C_038,0.9922,5.281,5.355,0.073,9.3138
C_102,C_366,0.9689,4.59,4.879,0.289,9.2972
C_469,C_594,0.9739,6.398,6.155,0.243,9.2965
C_377,C_385,0.9491,4.793,5.264,0.472,9.2709
C_056,C_346,0.9208,5.583,4.851,0.733,9.2529
C_377,C_383,0.9649,4.793,4.469,0.324,9.2409
C_481,C_528,0.953,5.513,5.08,0.432,9.2043
C_124,C_223,0.9843,6.018,6.161,0.143,9.1033
C_540,C_551,0.9471,6.523,7,0.477,9.0114
C_200,C_277,0.9774,4.954,5.157,0.203,8.9551
C_343,C_358,0.9627,4.91,4.577,0.333,8.9257
C_275,C_279,0.9858,4.947,4.821,0.126,8.8831
C_344,C_375,0.9842,4.504,4.644,0.14,8.8313
C_114,C_117,0.9652,4.553,4.854,0.301,8.6567
C_368,C_373,0.9762,4.903,4.697,0.206,8.6509
C_362,C_373,0.9749,4.914,4.697,0.217,8.6431
C_161,C_168,0.9351,5.046,5.602,0.556,8.5728
C_437,C_522,0.9513,4.479,4.893,0.414,8.4947
C_265,C_295,0.9338,5.077,5.638,0.561,8.4739
C_193,C_197,0.9834,5.094,4.955,0.139,8.4032
C_106,C_337,0.9343,4.325,4.874,0.549,8.3623
C_380,C_387,0.9835,4.454,4.592,0.138,8.3212
C_502,C_607,0.994,5.281,5.231,0.05,8.3209
C_173,C_183,0.9833,6.62,6.481,0.138,8.2659
C_007,C_012,0.9422,6.921,7.398,0.477,8.2501
C_161,C_170,0.9409,5.046,5.523,0.477,8.0744
C_024,C_028,0.9693,5.277,5.524,0.248,8.0694
C_377,C_379,0.9509,4.793,4.4,0.393,8.0001
C_010,C_106,0.9344,4.848,4.325,0.523,7.9751
C_031,C_037,0.9684,5.554,5.303,0.252,7.9512
C_018,C_036,0.9811,5.469,5.319,0.15,7.9411
C_041,C_610,0.9764,5.398,5.585,0.187,7.9297
C_348,C_372,0.9481,4.903,4.492,0.411,7.9197
C_378,C_385,0.9808,5.112,5.264,0.152,7.9048
C_240,C_337,0.9857,4.987,4.874,0.113,7.9022
C_031,C_032,0.9704,5.554,5.321,0.234,7.8853
C_011,C_620,0.9982,5.432,5.418,0.014,7.8314
C_005,C_069,0.9615,5.678,5.377,0.301,7.8252
C_177,C_180,0.9615,7,6.699,0.301,7.8174
C_187,C_195,0.9671,4.99,4.737,0.253,7.7071
C_418,C_442,0.9644,4.799,4.525,0.273,7.6778
C_191,C_197,0.9744,5.148,4.955,0.192,7.5227
C_192,C_198,0.9673,4.791,5.036,0.244,7.4757
C_074,C_167,0.9429,5.523,5.097,0.426,7.4558
C_074,C_171,0.9594,5.523,5.824,0.301,7.4078
C_194,C_281,0.9264,4.553,5.093,0.541,7.3472
C_382,C_388,0.9843,4.648,4.534,0.114,7.2682
C_149,C_360,0.9374,4.845,4.39,0.454,7.2607
C_198,C_280,0.9699,5.036,5.253,0.218,7.2303
C_213,C_347,0.9577,4.387,4.693,0.305,7.213
C_116,C_118,0.914,5.222,4.602,0.62,7.2049
C_168,C_184,0.9692,5.602,5.824,0.222,7.1993
C_041,C_047,0.9929,5.398,5.347,0.051,7.1847
C_411,C_594,0.9659,6.398,6.155,0.243,7.1242
C_481,C_502,0.9674,5.513,5.281,0.231,7.1044
C_469,C_630,0.9752,6.398,6.222,0.176,7.1009
C_084,C_111,0.8983,4.796,4.076,0.72,7.0836
C_024,C_036,0.994,5.277,5.319,0.042,7.0658
C_116,C_120,0.9627,5.222,4.959,0.263,7.0473
C_034,C_618,0.9869,5.281,5.374,0.092,7.0467
C_384,C_388,0.9794,4.679,4.534,0.145,7.0399
C_198,C_276,0.9878,5.036,4.95,0.086,7.027
C_127,C_225,0.9283,5.699,6.194,0.495,6.9006
C_057,C_062,0.9563,5.244,4.943,0.301,6.8916
C_344,C_366,0.9449,4.504,4.879,0.375,6.8013
C_358,C_368,0.9518,4.577,4.903,0.326,6.7657
C_095,C_110,0.9776,4.086,4.237,0.15,6.718
C_032,C_157,0.9781,5.321,5.467,0.147,6.7065
C_501,C_523,0.9654,5.69,5.46,0.231,6.6635
C_078,C_083,0.9751,4.593,4.759,0.166,6.6583
C_198,C_283,0.9834,5.036,4.926,0.109,6.6068
C_016,C_102,0.9457,4.947,4.59,0.357,6.5662
C_343,C_373,0.967,4.91,4.697,0.213,6.4574
C_024,C_029,0.9609,5.277,5.527,0.251,6.4134
C_175,C_177,0.9435,6.638,7,0.362,6.3991
C_372,C_373,0.9677,4.492,4.697,0.205,6.3318
C_276,C_279,0.9796,4.95,4.821,0.129,6.2936
C_380,C_388,0.9871,4.454,4.534,0.08,6.1806
C_006,C_149,0.9056,4.269,4.845,0.575,6.0944
C_265,C_279,0.9578,5.077,4.821,0.256,6.0664
C_528,C_601,0.9459,5.08,4.754,0.326,6.0237
C_074,C_166,0.9385,5.523,5.155,0.368,5.9806
C_174,C_175,0.9579,6.387,6.638,0.251,5.967
C_168,C_169,0.9837,5.602,5.699,0.097,5.9592
C_352,C_369,0.9989,4.726,4.719,0.007,5.9592
C_115,C_116,0.928,4.796,5.222,0.426,5.9192
C_012,C_172,0.9279,7.398,7.824,0.426,5.9082
C_343,C_368,0.9988,4.91,4.903,0.007,5.8418
C_402,C_507,0.9893,5.213,5.151,0.061,5.7506
C_086,C_159,0.9799,4.427,4.542,0.115,5.726
C_516,C_612,0.9391,4.583,4.927,0.344,5.6468
C_342,C_372,0.9461,4.793,4.492,0.301,5.5849
C_074,C_169,0.9684,5.523,5.699,0.176,5.5737
C_136,C_156,0.9557,5.409,5.656,0.247,5.572
C_492,C_584,0.9339,5.638,5.276,0.363,5.4858
C_114,C_120,0.9258,4.553,4.959,0.406,5.4654
C_016,C_366,0.9875,4.947,4.879,0.067,5.3967
C_006,C_336,0.92,4.269,4.699,0.43,5.3698
C_037,C_156,0.9342,5.303,5.656,0.353,5.3587
C_038,C_618,0.9964,5.355,5.374,0.019,5.2991
C_007,C_070,0.943,6.921,7.222,0.301,5.2798
C_124,C_224,0.9632,6.018,5.824,0.194,5.2641
C_411,C_630,0.9664,6.398,6.222,0.176,5.2464
C_572,C_594,0.9532,6.398,6.155,0.243,5.1883
C_361,C_374,0.9505,5,4.745,0.255,5.1569
C_384,C_387,0.9831,4.679,4.592,0.087,5.1537
C_139,C_141,0.9295,6.187,5.824,0.363,5.1524
C_061,C_086,0.9575,4.646,4.427,0.219,5.1473
C_031,C_136,0.9716,5.554,5.409,0.145,5.1244
C_030,C_135,0.9513,5.309,5.554,0.245,5.0392
C_342,C_362,0.9761,4.793,4.914,0.12,5.0349
C_381,C_387,0.9411,4.297,4.592,0.295,5.002
C_265,C_283,0.9697,5.077,4.926,0.151,4.9891
C_277,C_278,0.98,5.157,5.256,0.099,4.9522
C_265,C_277,0.9838,5.077,5.157,0.079,4.9078
C_190,C_192,0.9566,4.579,4.791,0.213,4.8922
C_188,C_196,0.9581,5.072,5.275,0.203,4.8461
C_193,C_196,0.9626,5.094,5.275,0.181,4.8283
C_493,C_620,0.978,5.523,5.418,0.105,4.7776
C_025,C_130,0.9237,5.638,5.276,0.363,4.7541
C_040,C_261,0.9237,5.638,5.276,0.363,4.7541
C_101,C_361,0.9486,4.757,5,0.243,4.7307
C_032,C_135,0.9505,5.321,5.554,0.234,4.7222
C_380,C_384,0.9524,4.454,4.679,0.225,4.7215
C_363,C_371,0.9568,4.793,4.996,0.203,4.6908
C_018,C_618,0.9795,5.469,5.374,0.095,4.6359
C_213,C_359,0.9044,4.387,4.821,0.434,4.5378
C_174,C_183,0.9792,6.387,6.481,0.094,4.5321
C_198,C_274,0.9664,5.036,5.187,0.151,4.4997
C_170,C_185,0.9823,5.523,5.602,0.079,4.4826
C_528,C_557,0.9388,5.08,4.806,0.274,4.4815
C_334,C_366,0.9396,5.146,4.879,0.267,4.417
C_178,C_182,0.9353,6.284,6.569,0.285,4.3957
C_341,C_347,0.9668,4.547,4.693,0.146,4.3953
C_376,C_381,0.966,4.446,4.297,0.149,4.3856
C_027,C_036,0.9597,5.495,5.319,0.176,4.3718
C_557,C_601,0.9881,4.806,4.754,0.052,4.3696
C_026,C_135,0.9891,5.602,5.554,0.048,4.3566
C_481,C_541,0.9602,5.513,5.686,0.173,4.3539
C_076,C_375,0.9509,4.854,4.644,0.21,4.2739
C_011,C_493,0.9786,5.432,5.523,0.091,4.2495
C_118,C_120,0.9147,4.602,4.959,0.357,4.1793
C_182,C_183,0.9789,6.569,6.481,0.087,4.1245
C_137,C_141,0.9195,5.495,5.824,0.329,4.087
C_188,C_197,0.971,5.072,4.955,0.117,4.0211
C_095,C_113,0.9784,4.086,4,0.086,3.993
C_378,C_390,0.9828,5.112,5.181,0.069,3.9856
C_274,C_278,0.9828,5.187,5.256,0.069,3.9795
C_189,C_198,0.9644,4.894,5.036,0.141,3.9676
C_115,C_118,0.9504,4.796,4.602,0.194,3.9085
C_028,C_038,0.9563,5.524,5.355,0.17,3.8825
C_332,C_356,0.9289,4.971,4.697,0.274,3.8491
C_101,C_373,0.9844,4.757,4.697,0.06,3.8462
C_030,C_610,0.9268,5.309,5.585,0.276,3.7728
C_441,C_445,0.9531,6.824,7,0.176,3.7521
C_024,C_027,0.9416,5.277,5.495,0.218,3.7378
C_030,C_031,0.9341,5.309,5.554,0.245,3.7272
C_197,C_198,0.9778,4.955,5.036,0.081,3.6314
C_274,C_280,0.9817,5.187,5.253,0.066,3.6162
C_135,C_136,0.9597,5.554,5.409,0.145,3.6087
C_335,C_357,0.9989,5.057,5.061,0.004,3.5408
C_336,C_360,0.9119,4.699,4.39,0.309,3.5032
C_157,C_610,0.9661,5.467,5.585,0.118,3.4746
C_171,C_185,0.9354,5.824,5.602,0.222,3.4359
C_358,C_374,0.9507,4.577,4.745,0.168,3.4037
C_274,C_277,0.991,5.187,5.157,0.03,3.3836
C_101,C_358,0.9465,4.757,4.577,0.18,3.3684
C_417,C_630,0.9476,6.398,6.222,0.176,3.3621
C_394,C_541,0.9613,5.556,5.686,0.13,3.3615
C_124,C_225,0.9473,6.018,6.194,0.176,3.3434
C_348,C_374,0.9523,4.903,4.745,0.158,3.3172
C_136,C_523,0.9847,5.409,5.46,0.051,3.315
C_378,C_386,0.9968,5.112,5.102,0.011,3.3036
C_180,C_182,0.9605,6.699,6.569,0.13,3.3019
C_516,C_543,0.9356,4.583,4.371,0.213,3.3009
C_029,C_038,0.9466,5.527,5.355,0.173,3.2311
C_101,C_348,0.9544,4.757,4.903,0.146,3.2012
C_472,C_630,0.9447,6.398,6.222,0.176,3.1837
C_362,C_365,0.9783,4.914,4.845,0.069,3.1794
C_361,C_362,0.9726,5,4.914,0.086,3.1526
C_351,C_369,0.9986,4.714,4.719,0.005,3.1166
C_027,C_038,0.9542,5.495,5.355,0.14,3.0611
C_275,C_281,0.9523,4.947,5.093,0.146,3.0546
C_009,C_334,0.9432,5.32,5.146,0.173,3.0539
C_117,C_118,0.9166,4.854,4.602,0.252,3.0183
C_265,C_276,0.9578,5.077,4.95,0.127,3.0177
C_034,C_036,0.9875,5.281,5.319,0.037,2.9727
C_117,C_120,0.9641,4.854,4.959,0.105,2.9145
C_083,C_122,0.9267,4.759,4.547,0.213,2.9033
C_232,C_337,0.9795,4.934,4.874,0.059,2.9001
C_027,C_618,0.9582,5.495,5.374,0.121,2.8992
C_027,C_053,0.916,5.495,5.252,0.243,2.8928
C_156,C_157,0.9334,5.656,5.467,0.188,2.8268
C_382,C_387,0.9799,4.648,4.592,0.056,2.8009
C_377,C_382,0.9479,4.793,4.648,0.145,2.7779
C_418,C_612,0.9532,4.799,4.927,0.129,2.7534
C_232,C_241,0.933,4.934,5.117,0.184,2.7423
C_135,C_156,0.9627,5.554,5.656,0.101,2.7158
C_343,C_361,0.9659,4.91,5,0.09,2.6397
C_338,C_346,0.9453,4.708,4.851,0.143,2.6146
C_412,C_441,0.932,7,6.824,0.176,2.5903
C_279,C_283,0.9593,4.821,4.926,0.105,2.5815
C_197,C_281,0.9465,4.955,5.093,0.138,2.5812
C_033,C_035,0.9364,5.387,5.55,0.163,2.5545
C_074,C_185,0.9686,5.523,5.602,0.079,2.5244
C_026,C_523,0.9427,5.602,5.46,0.142,2.4857
C_127,C_224,0.9496,5.699,5.824,0.125,2.4808
C_175,C_182,0.9719,6.638,6.569,0.07,2.4786
C_265,C_275,0.9474,5.077,4.947,0.13,2.4725
C_140,C_144,0.9319,7.167,7,0.167,2.4583
C_358,C_372,0.9655,4.577,4.492,0.085,2.4536
C_031,C_501,0.9444,5.554,5.69,0.136,2.4437
C_200,C_265,0.9494,4.954,5.077,0.123,2.4377
C_386,C_390,0.9674,5.102,5.181,0.079,2.4308
C_110,C_112,0.9664,4.237,4.155,0.082,2.4284
C_086,C_162,0.9645,4.427,4.513,0.086,2.4169
C_030,C_041,0.962,5.309,5.398,0.089,2.3422
C_265,C_274,0.9525,5.077,5.187,0.11,2.3127
C_342,C_368,0.9523,4.793,4.903,0.11,2.3019
C_024,C_033,0.9514,5.277,5.387,0.111,2.2782
C_094,C_112,0.9639,4.237,4.155,0.082,2.2596
C_018,C_039,0.9336,5.469,5.32,0.149,2.2426
C_198,C_200,0.9635,5.036,4.954,0.082,2.2409
C_135,C_523,0.9575,5.554,5.46,0.095,2.2295
C_115,C_120,0.9261,4.796,4.959,0.163,2.2005
C_189,C_197,0.972,4.894,4.955,0.061,2.16
C_365,C_374,0.953,4.845,4.745,0.1,2.128
C_101,C_365,0.9588,4.757,4.845,0.088,2.1277
C_342,C_343,0.9447,4.793,4.91,0.117,2.1159
C_030,C_032,0.9943,5.309,5.321,0.012,2.0402
C_026,C_501,0.9566,5.602,5.69,0.088,2.0332
C_135,C_501,0.9328,5.554,5.69,0.136,2.0226
C_361,C_368,0.9509,5,4.903,0.097,1.9749
C_402,C_528,0.9306,5.213,5.08,0.132,1.9044
C_169,C_171,0.9338,5.699,5.824,0.125,1.8885
C_024,C_039,0.977,5.277,5.32,0.043,1.8772
C_373,C_374,0.9741,4.697,4.745,0.048,1.8505
C_192,C_195,0.9701,4.791,4.737,0.054,1.821
C_543,C_604,0.934,4.371,4.49,0.12,1.8141
C_083,C_363,0.981,4.759,4.793,0.034,1.7743
C_102,C_375,0.9687,4.59,4.644,0.054,1.7228
C_047,C_157,0.9287,5.347,5.467,0.12,1.6894
C_149,C_336,0.9126,4.845,4.699,0.146,1.6668
C_161,C_166,0.934,5.046,5.155,0.109,1.6544
C_394,C_611,0.9655,5.556,5.499,0.057,1.6512
C_332,C_335,0.9475,4.971,5.057,0.086,1.6444
C_199,C_282,0.9532,4.349,4.273,0.076,1.619
C_074,C_168,0.9505,5.523,5.602,0.079,1.5995
C_027,C_397,0.9176,5.495,5.365,0.13,1.5818
C_437,C_516,0.9342,4.479,4.583,0.104,1.5763
C_200,C_283,0.9824,4.954,4.926,0.028,1.5668
C_156,C_501,0.9773,5.656,5.69,0.035,1.5294
C_342,C_374,0.9673,4.793,4.745,0.048,1.4824
C_166,C_167,0.9594,5.155,5.097,0.058,1.4291
C_031,C_523,0.933,5.554,5.46,0.095,1.4138
C_332,C_357,0.9354,4.971,5.061,0.09,1.3991
C_385,C_390,0.9366,5.264,5.181,0.083,1.314
C_189,C_275,0.9577,4.894,4.947,0.053,1.2487
C_187,C_197,0.9714,4.99,4.955,0.035,1.2237
C_365,C_368,0.9513,4.845,4.903,0.058,1.1992
C_032,C_041,0.9348,5.321,5.398,0.077,1.1863
C_010,C_232,0.9271,4.848,4.934,0.085,1.1709
C_507,C_528,0.9321,5.151,5.08,0.071,1.0427
C_379,C_383,0.9338,4.4,4.469,0.069,1.0385
C_030,C_047,0.9634,5.309,5.347,0.038,1.0341
C_038,C_039,0.9655,5.355,5.32,0.035,1.012
C_175,C_180,0.9388,6.638,6.699,0.061,0.99151
C_011,C_027,0.9326,5.432,5.495,0.063,0.93562
C_021,C_141,0.933,5.886,5.824,0.062,0.92789
C_095,C_112,0.9231,4.086,4.155,0.069,0.89325
C_418,C_601,0.9495,4.799,4.754,0.044,0.87899
C_039,C_618,0.9356,5.32,5.374,0.054,0.8378
C_115,C_117,0.9307,4.796,4.854,0.058,0.83726
C_481,C_611,0.9825,5.513,5.499,0.014,0.79736
C_232,C_240,0.9317,4.934,4.987,0.053,0.78364
C_101,C_342,0.9516,4.757,4.793,0.036,0.74783
C_161,C_167,0.9298,5.046,5.097,0.051,0.72894
C_033,C_038,0.9551,5.387,5.355,0.033,0.72669
C_114,C_118,0.9197,4.553,4.602,0.049,0.61271
C_382,C_384,0.9474,4.648,4.679,0.031,0.58223
C_028,C_029,0.9947,5.524,5.527,0.003,0.54635
C_028,C_035,0.9521,5.524,5.55,0.025,0.5305
C_348,C_362,0.9793,4.903,4.914,0.011,0.50905
C_078,C_122,0.908,4.593,4.547,0.047,0.50842
C_376,C_383,0.9538,4.446,4.469,0.023,0.48741
C_159,C_162,0.9282,4.542,4.513,0.029,0.40763
C_076,C_366,0.9338,4.854,4.879,0.026,0.38597
C_336,C_338,0.9742,4.699,4.708,0.009,0.33974
C_200,C_275,0.9652,4.954,4.947,0.007,0.18926
C_437,C_604,0.934,4.479,4.49,0.011,0.16674
C_376,C_389,0.9283,4.446,4.458,0.012,0.16632
C_383,C_389,0.9345,4.469,4.458,0.011,0.16178
C_200,C_276,0.9715,4.954,4.95,0.004,0.13658
C_343,C_348,0.9459,4.91,4.903,0.007,0.12939
C_030,C_037,0.9432,5.309,5.303,0.006,0.10829
C_278,C_280,0.9652,5.256,5.253,0.002,0.067236
C_275,C_276,0.9558,4.947,4.95,0.003,0.061104
C_036,C_039,0.9414,5.319,5.32,0.001,0.015449
C_008,C_019,0.9955,5.638,5.638,0,0
C_008,C_051,0.9141,5.638,5.638,0,0
C_015,C_025,0.9672,5.638,5.638,0,0
C_015,C_409,0.9133,5.638,5.638,0,0
C_019,C_051,0.9308,5.638,5.638,0,0
C_025,C_048,0.9008,5.638,5.638,0,0
C_025,C_098,0.956,5.638,5.638,0,0
C_025,C_409,0.9286,5.638,5.638,0,0
C_031,C_135,0.992,5.554,5.554,0,0
C_042,C_049,0.9867,5.276,5.276,0,0
C_042,C_419,0.9968,5.276,5.276,0,0
C_042,C_518,0.9831,5.276,5.276,0,0
C_042,C_556,0.9793,5.276,5.276,0,0
C_042,C_584,0.9726,5.276,5.276,0,0
C_043,C_044,0.9858,5.229,5.229,0,0
C_043,C_045,0.9999,5.229,5.229,0,0
C_043,C_087,0.984,5.229,5.229,0,0
C_043,C_105,0.9998,5.229,5.229,0,0
C_043,C_229,0.9997,5.229,5.229,0,0
C_044,C_045,0.9854,5.229,5.229,0,0
C_044,C_087,0.9988,5.229,5.229,0,0
C_044,C_105,0.9861,5.229,5.229,0,0
C_044,C_229,0.9822,5.229,5.229,0,0
C_045,C_087,0.9847,5.229,5.229,0,0
C_045,C_105,0.9999,5.229,5.229,0,0
C_045,C_229,0.9997,5.229,5.229,0,0
C_048,C_050,0.9435,5.638,5.638,0,0
C_048,C_497,0.9343,5.638,5.638,0,0
C_049,C_284,1,5.276,5.276,0,0
C_049,C_419,0.9769,5.276,5.276,0,0
C_049,C_434,1,5.276,5.276,0,0
C_049,C_489,0.9995,5.276,5.276,0,0
C_049,C_518,0.9999,5.276,5.276,0,0
C_049,C_519,0.9672,5.276,5.276,0,0
C_049,C_534,0.9659,5.276,5.276,0,0
C_049,C_556,0.9997,5.276,5.276,0,0
C_049,C_579,0.978,5.276,5.276,0,0
C_050,C_051,0.926,5.638,5.638,0,0
C_051,C_497,0.9608,5.638,5.638,0,0
C_054,C_268,0.8996,5.658,5.658,0,0
C_054,C_270,0.9624,5.658,5.658,0,0
C_063,C_064,0.9995,5.553,5.553,0,0
C_063,C_065,1,5.553,5.553,0,0
C_063,C_088,0.9907,5.553,5.553,0,0
C_063,C_103,0.9818,5.553,5.553,0,0
C_063,C_395,0.9318,5.553,5.553,0,0
C_063,C_494,0.9918,5.553,5.553,0,0
C_064,C_065,0.9207,5.553,5.553,0,0
C_064,C_088,0.9843,5.553,5.553,0,0
C_064,C_103,0.9881,5.553,5.553,0,0
C_064,C_494,0.9854,5.553,5.553,0,0
C_064,C_626,0.9324,5.553,5.553,0,0
C_065,C_103,0.9511,5.553,5.553,0,0
C_065,C_392,0.9283,5.553,5.553,0,0
C_065,C_395,0.9337,5.553,5.553,0,0
C_071,C_089,0.9975,5.959,5.959,0,0
C_071,C_090,0.9784,5.959,5.959,0,0
C_071,C_123,0.9791,5.959,5.959,0,0
C_071,C_212,0.9753,5.959,5.959,0,0
C_071,C_354,0.9998,5.959,5.959,0,0
C_071,C_420,0.9987,5.959,5.959,0,0
C_071,C_506,0.9994,5.959,5.959,0,0
C_071,C_636,0.9982,5.959,5.959,0,0
C_072,C_098,0.9781,5.638,5.638,0,0
C_073,C_398,0.9715,5.638,5.638,0,0
C_074,C_170,0.9521,5.523,5.523,0,0
C_079,C_081,0.9396,5.276,5.276,0,0
C_079,C_100,0.9793,5.276,5.276,0,0
C_079,C_129,0.996,5.276,5.276,0,0
C_079,C_132,0.9194,5.276,5.276,0,0
C_079,C_134,0.9998,5.276,5.276,0,0
C_080,C_132,0.8981,5.276,5.276,0,0
C_081,C_129,0.9098,5.276,5.276,0,0
C_081,C_132,0.9396,5.276,5.276,0,0
C_081,C_134,0.9396,5.276,5.276,0,0
C_087,C_105,0.9857,5.229,5.229,0,0
C_087,C_229,0.9841,5.229,5.229,0,0
C_088,C_103,0.9454,5.553,5.553,0,0
C_088,C_494,0.9995,5.553,5.553,0,0
C_088,C_576,0.9362,5.553,5.553,0,0
C_088,C_617,0.9495,5.553,5.553,0,0
C_089,C_090,0.9674,5.959,5.959,0,0
C_089,C_123,0.9667,5.959,5.959,0,0
C_089,C_212,0.9595,5.959,5.959,0,0
C_089,C_259,0.9694,5.959,5.959,0,0
C_089,C_354,0.9975,5.959,5.959,0,0
C_089,C_420,0.9972,5.959,5.959,0,0
C_089,C_431,0.9989,5.959,5.959,0,0
C_089,C_461,0.997,5.959,5.959,0,0
C_089,C_506,0.998,5.959,5.959,0,0
C_089,C_574,1,5.959,5.959,0,0
C_089,C_636,0.9997,5.959,5.959,0,0
C_090,C_212,0.9962,5.959,5.959,0,0
C_090,C_321,0.9575,5.959,5.959,0,0
C_090,C_354,0.9736,5.959,5.959,0,0
C_090,C_420,0.9661,5.959,5.959,0,0
C_090,C_506,0.9732,5.959,5.959,0,0
C_090,C_513,0.95,5.959,5.959,0,0
C_090,C_636,0.971,5.959,5.959,0,0
C_091,C_092,0.9514,5.367,5.367,0,0
C_091,C_215,0.9757,5.367,5.367,0,0
C_091,C_217,0.951,5.367,5.367,0,0
C_091,C_218,0.9831,5.367,5.367,0,0
C_091,C_498,0.9892,5.367,5.367,0,0
C_091,C_508,0.9669,5.367,5.367,0,0
C_091,C_582,0.9985,5.367,5.367,0,0
C_091,C_598,0.9836,5.367,5.367,0,0
C_092,C_093,0.9732,5.367,5.367,0,0
C_092,C_163,0.9554,5.367,5.367,0,0
C_092,C_164,0.9756,5.367,5.367,0,0
C_092,C_215,0.9941,5.367,5.367,0,0
C_092,C_217,0.9961,5.367,5.367,0,0
C_092,C_498,0.9628,5.367,5.367,0,0
C_092,C_508,0.9954,5.367,5.367,0,0
C_092,C_529,0.9638,5.367,5.367,0,0
C_092,C_559,0.9663,5.367,5.367,0,0
C_092,C_582,0.9532,5.367,5.367,0,0
C_093,C_215,0.9616,5.367,5.367,0,0
C_093,C_216,0.9834,5.367,5.367,0,0
C_093,C_217,0.9693,5.367,5.367,0,0
C_093,C_508,0.9684,5.367,5.367,0,0
C_093,C_529,0.9896,5.367,5.367,0,0
C_096,C_477,0.9707,6.26,6.26,0,0
C_096,C_560,0.9148,6.26,6.26,0,0
C_096,C_573,0.9977,6.26,6.26,0,0
C_096,C_637,0.9641,6.26,6.26,0,0
C_098,C_409,0.9092,5.638,5.638,0,0
C_100,C_129,0.9765,5.276,5.276,0,0
C_100,C_134,0.9832,5.276,5.276,0,0
C_103,C_435,0.9443,5.553,5.553,0,0
C_103,C_494,0.9441,5.553,5.553,0,0
C_104,C_499,0.911,5.638,5.638,0,0
C_105,C_229,0.9996,5.229,5.229,0,0
C_123,C_212,0.9358,5.959,5.959,0,0
C_123,C_354,0.9738,5.959,5.959,0,0
C_123,C_420,0.9689,5.959,5.959,0,0
C_123,C_506,0.9749,5.959,5.959,0,0
C_123,C_636,0.9711,5.959,5.959,0,0
C_128,C_155,0.9669,5.276,5.276,0,0
C_128,C_261,0.9759,5.276,5.276,0,0
C_128,C_262,0.9639,5.276,5.276,0,0
C_128,C_264,0.9497,5.276,5.276,0,0
C_128,C_271,0.944,5.276,5.276,0,0
C_128,C_273,0.9658,5.276,5.276,0,0
C_128,C_285,0.9753,5.276,5.276,0,0
C_129,C_134,0.998,5.276,5.276,0,0
C_130,C_133,0.9886,5.276,5.276,0,0
C_132,C_133,0.905,5.276,5.276,0,0
C_132,C_134,0.9194,5.276,5.276,0,0
C_155,C_261,0.9576,5.276,5.276,0,0
C_155,C_263,0.9831,5.276,5.276,0,0
C_155,C_264,0.9349,5.276,5.276,0,0
C_155,C_271,0.9977,5.276,5.276,0,0
C_155,C_272,0.9719,5.276,5.276,0,0
C_155,C_273,0.9324,5.276,5.276,0,0
C_155,C_285,0.9606,5.276,5.276,0,0
C_163,C_164,0.9937,5.367,5.367,0,0
C_163,C_215,0.9722,5.367,5.367,0,0
C_163,C_216,0.9673,5.367,5.367,0,0
C_163,C_217,0.9495,5.367,5.367,0,0
C_163,C_218,0.9771,5.367,5.367,0,0
C_163,C_508,0.9643,5.367,5.367,0,0
C_163,C_559,0.9928,5.367,5.367,0,0
C_163,C_582,0.9422,5.367,5.367,0,0
C_164,C_215,0.961,5.367,5.367,0,0
C_164,C_216,0.9832,5.367,5.367,0,0
C_164,C_217,0.975,5.367,5.367,0,0
C_164,C_218,0.9661,5.367,5.367,0,0
C_164,C_508,0.9684,5.367,5.367,0,0
C_164,C_559,0.9996,5.367,5.367,0,0
C_168,C_185,0.9815,5.602,5.602,0,0
C_171,C_184,0.989,5.824,5.824,0,0
C_201,C_202,0.9843,5.638,5.638,0,0
C_201,C_258,0.9881,5.638,5.638,0,0
C_201,C_260,0.9558,5.638,5.638,0,0
C_201,C_294,0.9792,5.638,5.638,0,0
C_201,C_295,0.945,5.638,5.638,0,0
C_201,C_296,0.9839,5.638,5.638,0,0
C_201,C_297,0.9798,5.638,5.638,0,0
C_201,C_298,0.9689,5.638,5.638,0,0
C_202,C_203,0.9441,5.638,5.638,0,0
C_202,C_258,0.9978,5.638,5.638,0,0
C_202,C_260,0.9715,5.638,5.638,0,0
C_202,C_294,0.9666,5.638,5.638,0,0
C_202,C_295,0.9409,5.638,5.638,0,0
C_202,C_296,0.967,5.638,5.638,0,0
C_202,C_297,0.9992,5.638,5.638,0,0
C_202,C_298,0.9783,5.638,5.638,0,0
C_203,C_258,0.9357,5.638,5.638,0,0
C_203,C_260,0.9434,5.638,5.638,0,0
C_203,C_297,0.9327,5.638,5.638,0,0
C_204,C_205,0.9322,5.208,5.208,0,0
C_204,C_206,0.9375,5.208,5.208,0,0
C_204,C_207,0.9973,5.208,5.208,0,0
C_204,C_209,0.937,5.208,5.208,0,0
C_204,C_210,0.9533,5.208,5.208,0,0
C_204,C_287,0.9904,5.208,5.208,0,0
C_204,C_290,0.9849,5.208,5.208,0,0
C_204,C_292,0.968,5.208,5.208,0,0
C_204,C_293,0.9545,5.208,5.208,0,0
C_205,C_206,0.9972,5.208,5.208,0,0
C_205,C_209,0.996,5.208,5.208,0,0
C_205,C_210,0.9403,5.208,5.208,0,0
C_205,C_289,0.9593,5.208,5.208,0,0
C_205,C_291,0.9321,5.208,5.208,0,0
C_206,C_207,0.9263,5.208,5.208,0,0
C_206,C_209,0.9998,5.208,5.208,0,0
C_206,C_210,0.9451,5.208,5.208,0,0
C_206,C_289,0.9754,5.208,5.208,0,0
C_206,C_291,0.9507,5.208,5.208,0,0
C_207,C_209,0.9259,5.208,5.208,0,0
C_207,C_210,0.9431,5.208,5.208,0,0
C_207,C_292,0.9463,5.208,5.208,0,0
C_208,C_210,0.9719,5.208,5.208,0,0
C_208,C_211,0.999,5.208,5.208,0,0
C_209,C_210,0.9446,5.208,5.208,0,0
C_209,C_289,0.9735,5.208,5.208,0,0
C_209,C_291,0.945,5.208,5.208,0,0
C_210,C_211,0.9695,5.208,5.208,0,0
C_210,C_286,0.9441,5.208,5.208,0,0
C_212,C_354,0.9697,5.959,5.959,0,0
C_212,C_420,0.962,5.959,5.959,0,0
C_212,C_506,0.9694,5.959,5.959,0,0
C_212,C_636,0.9625,5.959,5.959,0,0
C_214,C_456,0.9538,5.081,5.081,0,0
C_214,C_476,0.902,5.081,5.081,0,0
C_215,C_217,0.9934,5.367,5.367,0,0
C_215,C_498,0.9703,5.367,5.367,0,0
C_215,C_508,0.9987,5.367,5.367,0,0
C_215,C_529,0.9624,5.367,5.367,0,0
C_215,C_559,0.9555,5.367,5.367,0,0
C_215,C_582,0.9766,5.367,5.367,0,0
C_216,C_529,0.9529,5.367,5.367,0,0
C_216,C_559,0.9798,5.367,5.367,0,0
C_217,C_498,0.9515,5.367,5.367,0,0
C_217,C_508,0.9976,5.367,5.367,0,0
C_217,C_529,0.9593,5.367,5.367,0,0
C_217,C_559,0.9833,5.367,5.367,0,0
C_217,C_582,0.9529,5.367,5.367,0,0
C_218,C_498,0.9587,5.367,5.367,0,0
C_218,C_559,0.964,5.367,5.367,0,0
C_218,C_582,0.97,5.367,5.367,0,0
C_218,C_598,0.9441,5.367,5.367,0,0
C_219,C_221,0.9617,5.229,5.229,0,0
C_219,C_226,0.9641,5.229,5.229,0,0
C_219,C_228,0.9948,5.229,5.229,0,0
C_219,C_230,0.9962,5.229,5.229,0,0
C_219,C_231,0.9965,5.229,5.229,0,0
C_220,C_227,0.9988,5.229,5.229,0,0
C_221,C_226,0.9258,5.229,5.229,0,0
C_221,C_228,0.9386,5.229,5.229,0,0
C_221,C_230,0.9511,5.229,5.229,0,0
C_221,C_231,0.9427,5.229,5.229,0,0
C_226,C_228,0.9459,5.229,5.229,0,0
C_226,C_230,0.9482,5.229,5.229,0,0
C_226,C_231,0.9494,5.229,5.229,0,0
C_228,C_230,0.9898,5.229,5.229,0,0
C_228,C_231,0.9985,5.229,5.229,0,0
C_230,C_231,0.9919,5.229,5.229,0,0
C_233,C_234,0.9976,4.495,4.495,0,0
C_233,C_236,0.9898,4.495,4.495,0,0
C_234,C_236,0.9814,4.495,4.495,0,0
C_237,C_238,0.9905,4.495,4.495,0,0
C_242,C_245,0.9678,4.824,4.824,0,0
C_242,C_246,0.9499,4.824,4.824,0,0
C_242,C_247,0.9483,4.824,4.824,0,0
C_242,C_248,0.9501,4.824,4.824,0,0
C_242,C_249,0.9429,4.824,4.824,0,0
C_242,C_250,0.9696,4.824,4.824,0,0
C_242,C_251,0.9484,4.824,4.824,0,0
C_242,C_252,0.965,4.824,4.824,0,0
C_242,C_253,0.9389,4.824,4.824,0,0
C_242,C_255,0.9538,4.824,4.824,0,0
C_243,C_245,0.9661,4.824,4.824,0,0
C_243,C_250,0.9385,4.824,4.824,0,0
C_243,C_252,0.9618,4.824,4.824,0,0
C_243,C_254,0.9735,4.824,4.824,0,0
C_243,C_256,0.9711,4.824,4.824,0,0
C_244,C_247,0.9929,4.824,4.824,0,0
C_244,C_248,0.9876,4.824,4.824,0,0
C_244,C_249,0.9792,4.824,4.824,0,0
C_244,C_251,0.9716,4.824,4.824,0,0
C_244,C_253,0.9727,4.824,4.824,0,0
C_244,C_255,0.9901,4.824,4.824,0,0
C_245,C_246,0.9748,4.824,4.824,0,0
C_245,C_250,0.9951,4.824,4.824,0,0
C_245,C_252,0.9996,4.824,4.824,0,0
C_246,C_247,0.9466,4.824,4.824,0,0
C_246,C_248,0.9499,4.824,4.824,0,0
C_246,C_249,0.9426,4.824,4.824,0,0
C_246,C_250,0.98,4.824,4.824,0,0
C_246,C_252,0.9768,4.824,4.824,0,0
C_246,C_255,0.9374,4.824,4.824,0,0
C_246,C_256,0.9641,4.824,4.824,0,0
C_247,C_248,0.9992,4.824,4.824,0,0
C_247,C_249,0.9404,4.824,4.824,0,0
C_247,C_253,0.993,4.824,4.824,0,0
C_247,C_255,0.9995,4.824,4.824,0,0
C_248,C_249,0.9435,4.824,4.824,0,0
C_248,C_253,0.9942,4.824,4.824,0,0
C_248,C_255,0.9978,4.824,4.824,0,0
C_249,C_253,0.9312,4.824,4.824,0,0
C_249,C_255,0.9305,4.824,4.824,0,0
C_250,C_252,0.9965,4.824,4.824,0,0
C_251,C_253,0.9994,4.824,4.824,0,0
C_251,C_255,0.9946,4.824,4.824,0,0
C_253,C_255,0.9939,4.824,4.824,0,0
C_254,C_256,0.909,4.824,4.824,0,0
C_258,C_260,0.9837,5.638,5.638,0,0
C_258,C_294,0.9681,5.638,5.638,0,0
C_258,C_295,0.9413,5.638,5.638,0,0
C_258,C_296,0.966,5.638,5.638,0,0
C_258,C_297,0.9989,5.638,5.638,0,0
C_258,C_298,0.9777,5.638,5.638,0,0
C_259,C_321,0.9741,5.959,5.959,0,0
C_259,C_506,0.9843,5.959,5.959,0,0
C_259,C_509,0.9806,5.959,5.959,0,0
C_259,C_513,0.9823,5.959,5.959,0,0
C_259,C_544,0.9818,5.959,5.959,0,0
C_259,C_636,0.9724,5.959,5.959,0,0
C_260,C_296,0.9389,5.638,5.638,0,0
C_260,C_297,0.9775,5.638,5.638,0,0
C_260,C_298,0.9515,5.638,5.638,0,0
C_261,C_263,0.9462,5.276,5.276,0,0
C_261,C_271,0.9693,5.276,5.276,0,0
C_261,C_272,0.9495,5.276,5.276,0,0
C_262,C_263,0.9549,5.276,5.276,0,0
C_262,C_264,0.9394,5.276,5.276,0,0
C_262,C_272,0.9327,5.276,5.276,0,0
C_262,C_273,0.9344,5.276,5.276,0,0
C_262,C_285,0.9493,5.276,5.276,0,0
C_263,C_264,0.9936,5.276,5.276,0,0
C_263,C_271,0.9764,5.276,5.276,0,0
C_263,C_272,0.9986,5.276,5.276,0,0
C_263,C_273,0.9882,5.276,5.276,0,0
C_263,C_285,0.9857,5.276,5.276,0,0
C_264,C_272,0.9849,5.276,5.276,0,0
C_264,C_273,0.9977,5.276,5.276,0,0
C_264,C_285,0.996,5.276,5.276,0,0
C_267,C_269,0.8995,5.658,5.658,0,0
C_268,C_269,0.9972,5.658,5.658,0,0
C_271,C_272,0.9699,5.276,5.276,0,0
C_271,C_285,0.9397,5.276,5.276,0,0
C_272,C_273,0.9969,5.276,5.276,0,0
C_272,C_285,0.9874,5.276,5.276,0,0
C_273,C_285,0.9974,5.276,5.276,0,0
C_284,C_434,1,5.276,5.276,0,0
C_284,C_489,0.9997,5.276,5.276,0,0
C_284,C_518,0.9999,5.276,5.276,0,0
C_284,C_534,0.9642,5.276,5.276,0,0
C_284,C_556,0.9995,5.276,5.276,0,0
C_286,C_287,0.9423,5.208,5.208,0,0
C_286,C_288,0.9458,5.208,5.208,0,0
C_286,C_292,0.9886,5.208,5.208,0,0
C_286,C_293,0.9648,5.208,5.208,0,0
C_286,C_416,0.9828,5.208,5.208,0,0
C_287,C_290,0.9878,5.208,5.208,0,0
C_287,C_292,0.9871,5.208,5.208,0,0
C_287,C_293,0.9871,5.208,5.208,0,0
C_287,C_416,0.9696,5.208,5.208,0,0
C_288,C_289,0.9833,5.208,5.208,0,0
C_288,C_291,0.9541,5.208,5.208,0,0
C_289,C_291,0.9921,5.208,5.208,0,0
C_290,C_292,0.961,5.208,5.208,0,0
C_290,C_293,0.9539,5.208,5.208,0,0
C_290,C_416,0.9284,5.208,5.208,0,0
C_292,C_293,0.99,5.208,5.208,0,0
C_292,C_416,0.9953,5.208,5.208,0,0
C_293,C_416,0.9801,5.208,5.208,0,0
C_294,C_295,0.9402,5.638,5.638,0,0
C_294,C_297,0.9757,5.638,5.638,0,0
C_294,C_298,0.9345,5.638,5.638,0,0
C_295,C_296,0.9616,5.638,5.638,0,0
C_295,C_298,0.945,5.638,5.638,0,0
C_295,C_300,0.9302,5.638,5.638,0,0
C_296,C_297,0.9544,5.638,5.638,0,0
C_296,C_298,0.9975,5.638,5.638,0,0
C_296,C_299,0.9365,5.638,5.638,0,0
C_296,C_300,0.9834,5.638,5.638,0,0
C_297,C_298,0.9822,5.638,5.638,0,0
C_298,C_299,0.9466,5.638,5.638,0,0
C_299,C_300,0.9779,5.638,5.638,0,0
C_301,C_302,0.9987,5.602,5.602,0,0
C_301,C_303,0.9991,5.602,5.602,0,0
C_301,C_305,0.9831,5.602,5.602,0,0
C_301,C_306,0.9816,5.602,5.602,0,0
C_301,C_307,0.9826,5.602,5.602,0,0
C_301,C_308,0.9995,5.602,5.602,0,0
C_301,C_309,0.9576,5.602,5.602,0,0
C_301,C_310,0.9648,5.602,5.602,0,0
C_301,C_311,0.9557,5.602,5.602,0,0
C_301,C_314,0.9544,5.602,5.602,0,0
C_301,C_315,0.9529,5.602,5.602,0,0
C_302,C_303,0.9983,5.602,5.602,0,0
C_302,C_304,0.9993,5.602,5.602,0,0
C_302,C_305,0.9861,5.602,5.602,0,0
C_302,C_306,0.9839,5.602,5.602,0,0
C_302,C_307,0.9762,5.602,5.602,0,0
C_302,C_308,0.9995,5.602,5.602,0,0
C_302,C_309,0.956,5.602,5.602,0,0
C_302,C_310,0.9661,5.602,5.602,0,0
C_302,C_311,0.9559,5.602,5.602,0,0
C_302,C_314,0.9597,5.602,5.602,0,0
C_302,C_315,0.9589,5.602,5.602,0,0
C_303,C_304,0.9992,5.602,5.602,0,0
C_303,C_305,0.9815,5.602,5.602,0,0
C_303,C_306,0.983,5.602,5.602,0,0
C_303,C_307,0.9809,5.602,5.602,0,0
C_303,C_308,0.9991,5.602,5.602,0,0
C_303,C_309,0.9585,5.602,5.602,0,0
C_303,C_310,0.9627,5.602,5.602,0,0
C_303,C_311,0.9564,5.602,5.602,0,0
C_303,C_314,0.9582,5.602,5.602,0,0
C_303,C_315,0.9577,5.602,5.602,0,0
C_304,C_307,0.9823,5.602,5.602,0,0
C_304,C_314,0.9589,5.602,5.602,0,0
C_304,C_315,0.9579,5.602,5.602,0,0
C_305,C_306,0.9996,5.602,5.602,0,0
C_305,C_308,0.9824,5.602,5.602,0,0
C_305,C_316,0.9729,5.602,5.602,0,0
C_305,C_317,0.9694,5.602,5.602,0,0
C_305,C_318,0.967,5.602,5.602,0,0
C_306,C_308,0.9818,5.602,5.602,0,0
C_306,C_316,0.9664,5.602,5.602,0,0
C_306,C_317,0.9642,5.602,5.602,0,0
C_306,C_318,0.9716,5.602,5.602,0,0
C_306,C_319,0.941,5.602,5.602,0,0
C_307,C_308,0.9817,5.602,5.602,0,0
C_308,C_309,0.9659,5.602,5.602,0,0
C_308,C_310,0.9713,5.602,5.602,0,0
C_308,C_311,0.9653,5.602,5.602,0,0
C_308,C_314,0.9632,5.602,5.602,0,0
C_308,C_315,0.9621,5.602,5.602,0,0
C_309,C_312,0.9816,5.602,5.602,0,0
C_309,C_313,0.9907,5.602,5.602,0,0
C_309,C_318,0.9855,5.602,5.602,0,0
C_309,C_319,0.9393,5.602,5.602,0,0
C_309,C_320,0.9534,5.602,5.602,0,0
C_310,C_311,0.9984,5.602,5.602,0,0
C_310,C_314,0.9985,5.602,5.602,0,0
C_310,C_315,0.9977,5.602,5.602,0,0
C_310,C_316,0.9871,5.602,5.602,0,0
C_310,C_317,0.98,5.602,5.602,0,0
C_311,C_314,0.9986,5.602,5.602,0,0
C_311,C_315,0.9997,5.602,5.602,0,0
C_311,C_316,0.9796,5.602,5.602,0,0
C_311,C_317,0.9883,5.602,5.602,0,0
C_312,C_313,0.9893,5.602,5.602,0,0
C_312,C_318,0.9435,5.602,5.602,0,0
C_312,C_319,0.9838,5.602,5.602,0,0
C_313,C_318,0.9515,5.602,5.602,0,0
C_313,C_319,0.9579,5.602,5.602,0,0
C_313,C_320,0.9877,5.602,5.602,0,0
C_314,C_315,0.9989,5.602,5.602,0,0
C_314,C_316,0.9848,5.602,5.602,0,0
C_314,C_317,0.983,5.602,5.602,0,0
C_315,C_316,0.9802,5.602,5.602,0,0
C_315,C_317,0.9893,5.602,5.602,0,0
C_316,C_317,0.9983,5.602,5.602,0,0
C_318,C_319,0.9841,5.602,5.602,0,0
C_318,C_320,0.9918,5.602,5.602,0,0
C_319,C_320,0.9925,5.602,5.602,0,0
C_321,C_509,0.9898,5.959,5.959,0,0
C_321,C_513,0.9985,5.959,5.959,0,0
C_321,C_544,0.9943,5.959,5.959,0,0
C_322,C_325,0.9691,4.699,4.699,0,0
C_322,C_326,0.9975,4.699,4.699,0,0
C_322,C_327,0.9847,4.699,4.699,0,0
C_322,C_328,0.9605,4.699,4.699,0,0
C_322,C_451,0.9716,4.699,4.699,0,0
C_322,C_479,0.9719,4.699,4.699,0,0
C_322,C_496,0.9776,4.699,4.699,0,0
C_322,C_531,0.9914,4.699,4.699,0,0
C_322,C_561,0.9722,4.699,4.699,0,0
C_322,C_615,0.9716,4.699,4.699,0,0
C_325,C_326,0.9652,4.699,4.699,0,0
C_325,C_451,0.9533,4.699,4.699,0,0
C_325,C_466,0.9601,4.699,4.699,0,0
C_325,C_479,0.9825,4.699,4.699,0,0
C_325,C_496,0.9554,4.699,4.699,0,0
C_325,C_531,0.965,4.699,4.699,0,0
C_325,C_532,0.9606,4.699,4.699,0,0
C_325,C_561,0.9547,4.699,4.699,0,0
C_325,C_615,0.9834,4.699,4.699,0,0
C_326,C_327,0.9759,4.699,4.699,0,0
C_326,C_328,0.9922,4.699,4.699,0,0
C_326,C_451,0.9705,4.699,4.699,0,0
C_326,C_479,0.9924,4.699,4.699,0,0
C_326,C_496,0.977,4.699,4.699,0,0
C_326,C_531,0.9968,4.699,4.699,0,0
C_326,C_561,0.9708,4.699,4.699,0,0
C_326,C_615,0.9909,4.699,4.699,0,0
C_327,C_328,0.9864,4.699,4.699,0,0
C_327,C_496,0.9409,4.699,4.699,0,0
C_328,C_531,0.9763,4.699,4.699,0,0
C_331,C_407,0.9986,7.046,7.046,0,0
C_331,C_443,0.9879,7.046,7.046,0,0
C_331,C_470,0.9869,7.046,7.046,0,0
C_331,C_491,0.9879,7.046,7.046,0,0
C_331,C_510,0.9845,7.046,7.046,0,0
C_331,C_526,0.9919,7.046,7.046,0,0
C_331,C_546,0.9999,7.046,7.046,0,0
C_331,C_583,0.9982,7.046,7.046,0,0
C_331,C_602,0.9996,7.046,7.046,0,0
C_331,C_639,1,7.046,7.046,0,0
C_331,C_640,0.9999,7.046,7.046,0,0
C_348,C_368,0.9668,4.903,4.903,0,0
C_354,C_420,0.9995,5.959,5.959,0,0
C_354,C_431,0.9984,5.959,5.959,0,0
C_354,C_461,0.9993,5.959,5.959,0,0
C_354,C_506,0.9994,5.959,5.959,0,0
C_354,C_574,0.9969,5.959,5.959,0,0
C_354,C_636,0.9983,5.959,5.959,0,0
C_392,C_395,0.9999,5.553,5.553,0,0
C_392,C_435,0.9896,5.553,5.553,0,0
C_392,C_576,0.994,5.553,5.553,0,0
C_392,C_617,0.9942,5.553,5.553,0,0
C_392,C_626,0.9995,5.553,5.553,0,0
C_395,C_626,0.9547,5.553,5.553,0,0
C_396,C_459,0.9951,5.678,5.678,0,0
C_399,C_440,0.9998,4.721,4.721,0,0
C_399,C_453,0.9577,4.721,4.721,0,0
C_399,C_480,0.9998,4.721,4.721,0,0
C_399,C_578,0.9933,4.721,4.721,0,0
C_399,C_609,0.9573,4.721,4.721,0,0
C_400,C_425,0.9472,7.155,7.155,0,0
C_400,C_448,0.9423,7.155,7.155,0,0
C_400,C_487,0.9306,7.155,7.155,0,0
C_401,C_419,0.9799,5.276,5.276,0,0
C_401,C_460,1,5.276,5.276,0,0
C_401,C_489,0.9998,5.276,5.276,0,0
C_401,C_534,0.9718,5.276,5.276,0,0
C_401,C_556,0.9999,5.276,5.276,0,0
C_401,C_579,0.9827,5.276,5.276,0,0
C_403,C_459,0.9978,5.678,5.678,0,0
C_404,C_413,0.9992,4.699,4.699,0,0
C_404,C_447,0.9824,4.699,4.699,0,0
C_404,C_449,0.9615,4.699,4.699,0,0
C_404,C_503,0.9528,4.699,4.699,0,0
C_404,C_525,0.981,4.699,4.699,0,0
C_404,C_536,0.9587,4.699,4.699,0,0
C_404,C_569,0.935,4.699,4.699,0,0
C_404,C_587,0.974,4.699,4.699,0,0
C_404,C_591,0.9951,4.699,4.699,0,0
C_405,C_441,0.9884,6.824,6.824,0,0
C_406,C_490,0.9995,4.699,4.699,0,0
C_406,C_562,0.9909,4.699,4.699,0,0
C_406,C_564,0.9612,4.699,4.699,0,0
C_406,C_592,0.9996,4.699,4.699,0,0
C_406,C_596,0.9482,4.699,4.699,0,0
C_406,C_614,0.9922,4.699,4.699,0,0
C_406,C_621,0.9994,4.699,4.699,0,0
C_406,C_625,0.9998,4.699,4.699,0,0
C_406,C_632,0.9942,4.699,4.699,0,0
C_406,C_638,1,4.699,4.699,0,0
C_407,C_443,0.9875,7.046,7.046,0,0
C_407,C_470,0.9893,7.046,7.046,0,0
C_407,C_491,0.987,7.046,7.046,0,0
C_407,C_510,0.9917,7.046,7.046,0,0
C_407,C_526,0.9809,7.046,7.046,0,0
C_407,C_546,0.9983,7.046,7.046,0,0
C_407,C_583,0.9997,7.046,7.046,0,0
C_407,C_602,0.9991,7.046,7.046,0,0
C_407,C_639,0.999,7.046,7.046,0,0
C_407,C_640,0.9989,7.046,7.046,0,0
C_408,C_492,0.9084,5.638,5.638,0,0
C_410,C_412,0.9562,7,7,0,0
C_410,C_445,0.9853,7,7,0,0
C_410,C_515,0.9991,7,7,0,0
C_410,C_571,0.984,7,7,0,0
C_411,C_417,0.9783,6.398,6.398,0,0
C_411,C_469,0.9992,6.398,6.398,0,0
C_411,C_472,0.9662,6.398,6.398,0,0
C_411,C_482,0.97,6.398,6.398,0,0
C_411,C_533,0.9694,6.398,6.398,0,0
C_411,C_565,0.9657,6.398,6.398,0,0
C_411,C_572,0.9484,6.398,6.398,0,0
C_411,C_585,0.987,6.398,6.398,0,0
C_411,C_588,0.9987,6.398,6.398,0,0
C_411,C_595,0.9655,6.398,6.398,0,0
C_411,C_599,0.9875,6.398,6.398,0,0
C_411,C_631,0.9999,6.398,6.398,0,0
C_411,C_634,0.9948,6.398,6.398,0,0
C_412,C_515,0.9444,7,7,0,0
C_413,C_447,0.9779,4.699,4.699,0,0
C_413,C_449,0.9728,4.699,4.699,0,0
C_413,C_503,0.9565,4.699,4.699,0,0
C_413,C_525,0.979,4.699,4.699,0,0
C_413,C_536,0.9514,4.699,4.699,0,0
C_413,C_569,0.935,4.699,4.699,0,0
C_413,C_587,0.9585,4.699,4.699,0,0
C_413,C_591,0.9957,4.699,4.699,0,0
C_414,C_415,0.961,7,7,0,0
C_414,C_429,0.9993,7,7,0,0
C_414,C_454,0.9681,7,7,0,0
C_414,C_474,0.9532,7,7,0,0
C_414,C_485,0.9674,7,7,0,0
C_414,C_538,0.9763,7,7,0,0
C_414,C_641,0.9731,7,7,0,0
C_415,C_429,0.9659,7,7,0,0
C_415,C_485,0.9839,7,7,0,0
C_415,C_538,0.9904,7,7,0,0
C_415,C_551,0.9453,7,7,0,0
C_417,C_469,0.9852,6.398,6.398,0,0
C_417,C_482,0.9945,6.398,6.398,0,0
C_417,C_533,0.9506,6.398,6.398,0,0
C_417,C_588,0.9698,6.398,6.398,0,0
C_417,C_595,0.991,6.398,6.398,0,0
C_417,C_631,0.9633,6.398,6.398,0,0
C_417,C_634,0.9747,6.398,6.398,0,0
C_419,C_518,0.9801,5.276,5.276,0,0
C_419,C_556,0.9849,5.276,5.276,0,0
C_419,C_584,0.9838,5.276,5.276,0,0
C_420,C_431,0.9978,5.959,5.959,0,0
C_420,C_461,0.9991,5.959,5.959,0,0
C_420,C_506,0.9996,5.959,5.959,0,0
C_420,C_574,0.9966,5.959,5.959,0,0
C_420,C_636,0.9977,5.959,5.959,0,0
C_421,C_436,0.9799,7.155,7.155,0,0
C_421,C_464,0.9598,7.155,7.155,0,0
C_421,C_471,0.9616,7.155,7.155,0,0
C_421,C_483,0.9654,7.155,7.155,0,0
C_421,C_488,0.9397,7.155,7.155,0,0
C_421,C_553,0.9931,7.155,7.155,0,0
C_421,C_555,0.9565,7.155,7.155,0,0
C_421,C_581,0.9693,7.155,7.155,0,0
C_421,C_589,0.9435,7.155,7.155,0,0
C_422,C_432,0.9877,4.699,4.699,0,0
C_422,C_439,0.9974,4.699,4.699,0,0
C_422,C_486,0.9982,4.699,4.699,0,0
C_422,C_500,0.9996,4.699,4.699,0,0
C_422,C_511,0.9991,4.699,4.699,0,0
C_422,C_514,0.9884,4.699,4.699,0,0
C_422,C_564,0.9853,4.699,4.699,0,0
C_423,C_424,0.9443,7.155,7.155,0,0
C_423,C_436,0.9664,7.155,7.155,0,0
C_423,C_464,0.982,7.155,7.155,0,0
C_423,C_483,0.98,7.155,7.155,0,0
C_423,C_623,0.9809,7.155,7.155,0,0
C_424,C_430,0.9797,7.155,7.155,0,0
C_424,C_464,0.9801,7.155,7.155,0,0
C_424,C_465,0.9728,7.155,7.155,0,0
C_424,C_483,0.9789,7.155,7.155,0,0
C_424,C_484,0.9701,7.155,7.155,0,0
C_424,C_581,0.9584,7.155,7.155,0,0
C_424,C_589,0.9857,7.155,7.155,0,0
C_424,C_623,0.9837,7.155,7.155,0,0
C_425,C_448,0.9552,7.155,7.155,0,0
C_425,C_487,0.9857,7.155,7.155,0,0
C_425,C_520,0.9415,7.155,7.155,0,0
C_425,C_548,0.9379,7.155,7.155,0,0
C_425,C_550,0.9634,7.155,7.155,0,0
C_425,C_590,0.9342,7.155,7.155,0,0
C_426,C_537,0.9908,4.721,4.721,0,0
C_426,C_619,0.9641,4.721,4.721,0,0
C_426,C_622,0.99,4.721,4.721,0,0
C_427,C_530,0.9998,6.26,6.26,0,0
C_427,C_637,0.9678,6.26,6.26,0,0
C_429,C_454,0.9678,7,7,0,0
C_429,C_474,0.959,7,7,0,0
C_429,C_485,0.9713,7,7,0,0
C_429,C_538,0.9823,7,7,0,0
C_429,C_641,0.967,7,7,0,0
C_430,C_464,0.9429,7.155,7.155,0,0
C_430,C_465,0.9753,7.155,7.155,0,0
C_430,C_483,0.9396,7.155,7.155,0,0
C_430,C_484,0.9603,7.155,7.155,0,0
C_430,C_488,0.9526,7.155,7.155,0,0
C_430,C_589,0.9448,7.155,7.155,0,0
C_430,C_623,0.9441,7.155,7.155,0,0
C_431,C_461,0.9992,5.959,5.959,0,0
C_431,C_506,0.9986,5.959,5.959,0,0
C_431,C_574,0.9991,5.959,5.959,0,0
C_431,C_636,0.9994,5.959,5.959,0,0
C_432,C_439,0.985,4.699,4.699,0,0
C_432,C_486,0.9876,4.699,4.699,0,0
C_432,C_490,0.9594,4.699,4.699,0,0
C_432,C_500,0.9874,4.699,4.699,0,0
C_432,C_511,0.9845,4.699,4.699,0,0
C_432,C_514,0.9998,4.699,4.699,0,0
C_432,C_564,0.9994,4.699,4.699,0,0
C_432,C_592,0.9597,4.699,4.699,0,0
C_432,C_621,0.9623,4.699,4.699,0,0
C_432,C_625,0.9584,4.699,4.699,0,0
C_434,C_489,0.9997,5.276,5.276,0,0
C_434,C_518,1,5.276,5.276,0,0
C_434,C_534,0.9652,5.276,5.276,0,0
C_434,C_556,0.9996,5.276,5.276,0,0
C_435,C_576,0.9666,5.553,5.553,0,0
C_435,C_617,0.9671,5.553,5.553,0,0
C_435,C_626,0.9923,5.553,5.553,0,0
C_436,C_471,0.9764,7.155,7.155,0,0
C_436,C_553,0.9847,7.155,7.155,0,0
C_436,C_581,0.9425,7.155,7.155,0,0
C_439,C_486,0.9999,4.699,4.699,0,0
C_439,C_500,0.9987,4.699,4.699,0,0
C_439,C_511,0.9994,4.699,4.699,0,0
C_439,C_514,0.9851,4.699,4.699,0,0
C_439,C_564,0.988,4.699,4.699,0,0
C_440,C_453,0.9586,4.721,4.721,0,0
C_440,C_480,0.9996,4.721,4.721,0,0
C_440,C_578,0.9913,4.721,4.721,0,0
C_440,C_609,0.9519,4.721,4.721,0,0
C_443,C_470,0.9631,7.046,7.046,0,0
C_443,C_491,0.9992,7.046,7.046,0,0
C_443,C_510,0.9584,7.046,7.046,0,0
C_443,C_526,0.9543,7.046,7.046,0,0
C_443,C_546,0.9856,7.046,7.046,0,0
C_443,C_583,0.9852,7.046,7.046,0,0
C_443,C_602,0.9863,7.046,7.046,0,0
C_443,C_639,0.9894,7.046,7.046,0,0
C_443,C_640,0.989,7.046,7.046,0,0
C_444,C_449,0.9424,4.699,4.699,0,0
C_444,C_503,0.9694,4.699,4.699,0,0
C_444,C_512,0.9543,4.699,4.699,0,0
C_444,C_536,0.9619,4.699,4.699,0,0
C_444,C_587,0.9344,4.699,4.699,0,0
C_445,C_515,0.9482,7,7,0,0
C_445,C_571,0.9532,7,7,0,0
C_446,C_477,0.9731,6.26,6.26,0,0
C_447,C_503,0.9672,4.699,4.699,0,0
C_447,C_512,0.9799,4.699,4.699,0,0
C_447,C_525,0.949,4.699,4.699,0,0
C_447,C_536,0.9712,4.699,4.699,0,0
C_447,C_591,0.962,4.699,4.699,0,0
C_448,C_487,0.9783,7.155,7.155,0,0
C_448,C_550,0.9876,7.155,7.155,0,0
C_449,C_512,0.9672,4.699,4.699,0,0
C_449,C_569,0.9927,4.699,4.699,0,0
C_449,C_587,0.9993,4.699,4.699,0,0
C_449,C_591,0.949,4.699,4.699,0,0
C_450,C_455,0.9265,5.553,5.553,0,0
C_450,C_542,0.9863,5.553,5.553,0,0
C_450,C_575,0.9995,5.553,5.553,0,0
C_450,C_577,0.9859,5.553,5.553,0,0
C_451,C_479,0.9581,4.699,4.699,0,0
C_451,C_496,0.9921,4.699,4.699,0,0
C_451,C_531,0.9686,4.699,4.699,0,0
C_451,C_561,0.9992,4.699,4.699,0,0
C_451,C_615,0.9532,4.699,4.699,0,0
C_453,C_480,0.9484,4.721,4.721,0,0
C_453,C_578,0.9791,4.721,4.721,0,0
C_453,C_609,0.9994,4.721,4.721,0,0
C_454,C_551,0.9775,7,7,0,0
C_455,C_575,1,5.553,5.553,0,0
C_456,C_580,0.9897,5.081,5.081,0,0
C_456,C_586,0.9841,5.081,5.081,0,0
C_456,C_616,0.9358,5.081,5.081,0,0
C_457,C_537,0.9631,4.721,4.721,0,0
C_457,C_558,0.9911,4.721,4.721,0,0
C_457,C_619,0.9954,4.721,4.721,0,0
C_457,C_622,0.9374,4.721,4.721,0,0
C_458,C_475,0.993,5.276,5.276,0,0
C_458,C_534,0.99,5.276,5.276,0,0
C_458,C_579,0.9761,5.276,5.276,0,0
C_460,C_489,0.9999,5.276,5.276,0,0
C_460,C_534,0.9702,5.276,5.276,0,0
C_460,C_556,0.9998,5.276,5.276,0,0
C_461,C_506,0.9998,5.959,5.959,0,0
C_461,C_574,0.9973,5.959,5.959,0,0
C_461,C_636,0.9977,5.959,5.959,0,0
C_462,C_517,0.9559,5.638,5.638,0,0
C_464,C_465,0.9471,7.155,7.155,0,0
C_464,C_483,0.9703,7.155,7.155,0,0
C_464,C_484,0.9456,7.155,7.155,0,0
C_464,C_589,0.9903,7.155,7.155,0,0
C_464,C_623,0.9909,7.155,7.155,0,0
C_465,C_484,0.9452,7.155,7.155,0,0
C_465,C_488,0.9462,7.155,7.155,0,0
C_466,C_532,0.9999,4.699,4.699,0,0
C_467,C_468,0.9483,4.699,4.699,0,0
C_467,C_628,0.9998,4.699,4.699,0,0
C_467,C_633,0.9994,4.699,4.699,0,0
C_468,C_628,0.9606,4.699,4.699,0,0
C_468,C_633,0.953,4.699,4.699,0,0
C_469,C_472,0.9746,6.398,6.398,0,0
C_469,C_482,0.9777,6.398,6.398,0,0
C_469,C_533,0.9769,6.398,6.398,0,0
C_469,C_565,0.9737,6.398,6.398,0,0
C_469,C_572,0.9515,6.398,6.398,0,0
C_469,C_585,0.9817,6.398,6.398,0,0
C_469,C_588,0.9999,6.398,6.398,0,0
C_469,C_595,0.9743,6.398,6.398,0,0
C_469,C_599,0.982,6.398,6.398,0,0
C_469,C_631,0.9993,6.398,6.398,0,0
C_469,C_634,0.9977,6.398,6.398,0,0
C_470,C_491,0.9971,7.046,7.046,0,0
C_470,C_510,0.9616,7.046,7.046,0,0
C_470,C_526,0.9524,7.046,7.046,0,0
C_470,C_546,0.9849,7.046,7.046,0,0
C_470,C_583,0.987,7.046,7.046,0,0
C_470,C_602,0.9892,7.046,7.046,0,0
C_470,C_639,0.9886,7.046,7.046,0,0
C_470,C_640,0.9884,7.046,7.046,0,0
C_471,C_488,0.9382,7.155,7.155,0,0
C_471,C_553,0.985,7.155,7.155,0,0
C_471,C_555,0.939,7.155,7.155,0,0
C_471,C_581,0.9869,7.155,7.155,0,0
C_471,C_589,0.9568,7.155,7.155,0,0
C_471,C_623,0.964,7.155,7.155,0,0
C_472,C_482,0.996,6.398,6.398,0,0
C_472,C_533,0.9981,6.398,6.398,0,0
C_472,C_588,0.9767,6.398,6.398,0,0
C_472,C_595,0.999,6.398,6.398,0,0
C_472,C_631,0.9679,6.398,6.398,0,0
C_472,C_634,0.9794,6.398,6.398,0,0
C_473,C_552,0.9942,5.056,5.056,0,0
C_473,C_566,0.9753,5.056,5.056,0,0
C_474,C_485,0.9928,7,7,0,0
C_474,C_538,0.9907,7,7,0,0
C_474,C_551,0.9779,7,7,0,0
C_474,C_641,0.9903,7,7,0,0
C_475,C_519,0.969,5.276,5.276,0,0
C_475,C_534,0.9807,5.276,5.276,0,0
C_475,C_579,0.94,5.276,5.276,0,0
C_476,C_545,0.9838,5.081,5.081,0,0
C_476,C_627,0.9853,5.081,5.081,0,0
C_477,C_573,0.9777,6.26,6.26,0,0
C_477,C_637,0.9166,6.26,6.26,0,0
C_478,C_505,0.9768,4.854,4.854,0,0
C_478,C_535,0.9973,4.854,4.854,0,0
C_478,C_567,0.9086,4.854,4.854,0,0
C_478,C_635,0.9414,4.854,4.854,0,0
C_479,C_496,0.9661,4.699,4.699,0,0
C_479,C_531,0.9919,4.699,4.699,0,0
C_479,C_561,0.9576,4.699,4.699,0,0
C_479,C_615,0.9972,4.699,4.699,0,0
C_480,C_578,0.9898,4.721,4.721,0,0
C_480,C_609,0.9467,4.721,4.721,0,0
C_482,C_533,0.9986,6.398,6.398,0,0
C_482,C_588,0.9788,6.398,6.398,0,0
C_482,C_595,0.9975,6.398,6.398,0,0
C_482,C_631,0.9772,6.398,6.398,0,0
C_482,C_634,0.9766,6.398,6.398,0,0
C_483,C_484,0.9426,7.155,7.155,0,0
C_483,C_553,0.9439,7.155,7.155,0,0
C_483,C_589,0.9917,7.155,7.155,0,0
C_483,C_623,0.9891,7.155,7.155,0,0
C_484,C_555,0.9521,7.155,7.155,0,0
C_485,C_538,0.9863,7,7,0,0
C_485,C_551,0.9741,7,7,0,0
C_485,C_641,0.9903,7,7,0,0
C_486,C_500,0.9994,4.699,4.699,0,0
C_486,C_511,0.9989,4.699,4.699,0,0
C_486,C_514,0.988,4.699,4.699,0,0
C_486,C_564,0.9856,4.699,4.699,0,0
C_487,C_520,0.9816,7.155,7.155,0,0
C_487,C_548,0.9847,7.155,7.155,0,0
C_487,C_550,0.9758,7.155,7.155,0,0
C_487,C_554,0.9998,7.155,7.155,0,0
C_487,C_590,0.9768,7.155,7.155,0,0
C_488,C_553,0.9487,7.155,7.155,0,0
C_488,C_555,0.9601,7.155,7.155,0,0
C_488,C_581,0.9821,7.155,7.155,0,0
C_489,C_518,0.9993,5.276,5.276,0,0
C_489,C_534,0.9667,5.276,5.276,0,0
C_489,C_556,1,5.276,5.276,0,0
C_490,C_514,0.9625,4.699,4.699,0,0
C_490,C_521,0.948,4.699,4.699,0,0
C_490,C_562,0.9935,4.699,4.699,0,0
C_490,C_564,0.9559,4.699,4.699,0,0
C_490,C_570,0.9485,4.699,4.699,0,0
C_490,C_592,1,4.699,4.699,0,0
C_490,C_614,0.994,4.699,4.699,0,0
C_490,C_621,0.9999,4.699,4.699,0,0
C_490,C_625,0.9999,4.699,4.699,0,0
C_490,C_632,0.9912,4.699,4.699,0,0
C_490,C_638,0.9997,4.699,4.699,0,0
C_491,C_510,0.9578,7.046,7.046,0,0
C_491,C_526,0.9542,7.046,7.046,0,0
C_491,C_546,0.9855,7.046,7.046,0,0
C_491,C_583,0.9849,7.046,7.046,0,0
C_491,C_602,0.9863,7.046,7.046,0,0
C_491,C_639,0.9893,7.046,7.046,0,0
C_491,C_640,0.9888,7.046,7.046,0,0
C_492,C_499,0.9623,5.638,5.638,0,0
C_492,C_517,0.9115,5.638,5.638,0,0
C_494,C_576,0.9488,5.553,5.553,0,0
C_494,C_617,0.9372,5.553,5.553,0,0
C_496,C_531,0.968,4.699,4.699,0,0
C_496,C_561,0.9904,4.699,4.699,0,0
C_496,C_615,0.9772,4.699,4.699,0,0
C_498,C_508,0.9652,5.367,5.367,0,0
C_498,C_582,0.9907,5.367,5.367,0,0
C_498,C_598,0.963,5.367,5.367,0,0
C_500,C_511,0.9998,4.699,4.699,0,0
C_500,C_514,0.9878,4.699,4.699,0,0
C_500,C_564,0.9849,4.699,4.699,0,0
C_503,C_525,0.9817,4.699,4.699,0,0
C_503,C_536,0.9997,4.699,4.699,0,0
C_503,C_591,0.9435,4.699,4.699,0,0
C_505,C_535,0.9711,4.854,4.854,0,0
C_505,C_567,0.9987,4.854,4.854,0,0
C_505,C_635,0.9772,4.854,4.854,0,0
C_506,C_574,0.9977,5.959,5.959,0,0
C_506,C_636,0.9986,5.959,5.959,0,0
C_508,C_529,0.9594,5.367,5.367,0,0
C_508,C_559,0.9669,5.367,5.367,0,0
C_508,C_582,0.9656,5.367,5.367,0,0
C_509,C_513,0.9966,5.959,5.959,0,0
C_509,C_544,0.9338,5.959,5.959,0,0
C_510,C_526,0.9603,7.046,7.046,0,0
C_510,C_546,0.9851,7.046,7.046,0,0
C_510,C_583,0.9866,7.046,7.046,0,0
C_510,C_602,0.9848,7.046,7.046,0,0
C_510,C_639,0.9857,7.046,7.046,0,0
C_510,C_640,0.9851,7.046,7.046,0,0
C_511,C_514,0.9847,4.699,4.699,0,0
C_511,C_564,0.9873,4.699,4.699,0,0
C_512,C_569,0.9487,4.699,4.699,0,0
C_512,C_587,0.9756,4.699,4.699,0,0
C_513,C_544,0.9938,5.959,5.959,0,0
C_514,C_564,0.9998,4.699,4.699,0,0
C_514,C_592,0.9619,4.699,4.699,0,0
C_514,C_621,0.9589,4.699,4.699,0,0
C_514,C_625,0.9602,4.699,4.699,0,0
C_514,C_638,0.9549,4.699,4.699,0,0
C_517,C_597,0.9128,5.638,5.638,0,0
C_518,C_519,0.9704,5.276,5.276,0,0
C_518,C_534,0.9638,5.276,5.276,0,0
C_518,C_556,0.9995,5.276,5.276,0,0
C_518,C_579,0.9763,5.276,5.276,0,0
C_519,C_556,0.9622,5.276,5.276,0,0
C_519,C_579,0.9803,5.276,5.276,0,0
C_520,C_548,0.9378,7.155,7.155,0,0
C_520,C_550,0.9338,7.155,7.155,0,0
C_520,C_554,0.9735,7.155,7.155,0,0
C_520,C_590,0.9965,7.155,7.155,0,0
C_521,C_570,1,4.699,4.699,0,0
C_521,C_592,0.9485,4.699,4.699,0,0
C_521,C_596,0.9999,4.699,4.699,0,0
C_521,C_621,0.9482,4.699,4.699,0,0
C_525,C_536,0.9817,4.699,4.699,0,0
C_525,C_591,0.9755,4.699,4.699,0,0
C_526,C_546,0.9884,7.046,7.046,0,0
C_526,C_583,0.9794,7.046,7.046,0,0
C_526,C_602,0.9856,7.046,7.046,0,0
C_526,C_639,0.9894,7.046,7.046,0,0
C_526,C_640,0.9888,7.046,7.046,0,0
C_530,C_637,0.9679,6.26,6.26,0,0
C_531,C_561,0.9695,4.699,4.699,0,0
C_531,C_615,0.9878,4.699,4.699,0,0
C_533,C_595,0.9972,6.398,6.398,0,0
C_533,C_631,0.9772,6.398,6.398,0,0
C_534,C_556,0.9683,5.276,5.276,0,0
C_535,C_567,0.9629,4.854,4.854,0,0
C_535,C_635,0.9334,4.854,4.854,0,0
C_536,C_591,0.9433,4.699,4.699,0,0
C_537,C_558,0.9917,4.721,4.721,0,0
C_537,C_619,0.9854,4.721,4.721,0,0
C_537,C_622,0.9802,4.721,4.721,0,0
C_538,C_551,0.9789,7,7,0,0
C_538,C_641,0.9828,7,7,0,0
C_542,C_575,0.9927,5.553,5.553,0,0
C_542,C_577,0.9997,5.553,5.553,0,0
C_545,C_627,0.9447,5.081,5.081,0,0
C_546,C_583,0.9981,7.046,7.046,0,0
C_546,C_602,0.9991,7.046,7.046,0,0
C_546,C_639,0.9998,7.046,7.046,0,0
C_546,C_640,0.9997,7.046,7.046,0,0
C_547,C_608,0.9995,5.638,5.638,0,0
C_548,C_550,0.9315,7.155,7.155,0,0
C_548,C_590,0.9516,7.155,7.155,0,0
C_551,C_641,0.9641,7,7,0,0
C_552,C_566,0.9743,5.056,5.056,0,0
C_553,C_581,0.9841,7.155,7.155,0,0
C_554,C_590,0.9784,7.155,7.155,0,0
C_555,C_581,0.9824,7.155,7.155,0,0
C_556,C_579,0.9798,5.276,5.276,0,0
C_558,C_619,0.9678,4.721,4.721,0,0
C_560,C_563,0.9891,6.26,6.26,0,0
C_560,C_573,0.9276,6.26,6.26,0,0
C_561,C_615,0.9526,4.699,4.699,0,0
C_562,C_592,0.9934,4.699,4.699,0,0
C_562,C_614,0.9996,4.699,4.699,0,0
C_562,C_621,0.9933,4.699,4.699,0,0
C_562,C_625,0.9932,4.699,4.699,0,0
C_562,C_632,0.999,4.699,4.699,0,0
C_562,C_638,0.9909,4.699,4.699,0,0
C_564,C_592,0.9556,4.699,4.699,0,0
C_564,C_638,0.9632,4.699,4.699,0,0
C_565,C_572,0.9554,6.398,6.398,0,0
C_569,C_587,0.992,4.699,4.699,0,0
C_569,C_591,0.9664,4.699,4.699,0,0
C_570,C_592,0.949,4.699,4.699,0,0
C_570,C_596,0.9999,4.699,4.699,0,0
C_570,C_621,0.949,4.699,4.699,0,0
C_570,C_625,0.9481,4.699,4.699,0,0
C_572,C_585,0.9862,6.398,6.398,0,0
C_572,C_599,0.9823,6.398,6.398,0,0
C_573,C_637,0.9672,6.26,6.26,0,0
C_574,C_636,0.9996,5.959,5.959,0,0
C_575,C_577,0.9923,5.553,5.553,0,0
C_576,C_617,0.9998,5.553,5.553,0,0
C_576,C_626,0.9918,5.553,5.553,0,0
C_578,C_609,0.9865,4.721,4.721,0,0
C_580,C_586,0.9574,5.081,5.081,0,0
C_580,C_616,0.9729,5.081,5.081,0,0
C_582,C_598,0.9718,5.367,5.367,0,0
C_583,C_602,0.9987,7.046,7.046,0,0
C_583,C_639,0.9987,7.046,7.046,0,0
C_583,C_640,0.9986,7.046,7.046,0,0
C_585,C_599,0.9993,6.398,6.398,0,0
C_587,C_591,0.9446,4.699,4.699,0,0
C_588,C_595,0.9763,6.398,6.398,0,0
C_588,C_631,0.9993,6.398,6.398,0,0
C_588,C_634,0.9984,6.398,6.398,0,0
C_589,C_623,0.9666,7.155,7.155,0,0
C_592,C_614,0.9943,4.699,4.699,0,0
C_592,C_621,0.9998,4.699,4.699,0,0
C_592,C_625,1,4.699,4.699,0,0
C_592,C_632,0.9916,4.699,4.699,0,0
C_592,C_638,0.9998,4.699,4.699,0,0
C_595,C_631,0.9676,6.398,6.398,0,0
C_595,C_634,0.979,6.398,6.398,0,0
C_596,C_638,0.949,4.699,4.699,0,0
C_602,C_639,0.9998,7.046,7.046,0,0
C_602,C_640,0.9996,7.046,7.046,0,0
C_605,C_643,0.902,5.638,5.638,0,0
C_613,C_635,0.9756,4.854,4.854,0,0
C_614,C_621,0.9943,4.699,4.699,0,0
C_614,C_625,0.9943,4.699,4.699,0,0
C_614,C_632,0.9996,4.699,4.699,0,0
C_614,C_638,0.9925,4.699,4.699,0,0
C_617,C_626,0.9919,5.553,5.553,0,0
C_619,C_622,0.9933,4.721,4.721,0,0
C_621,C_625,0.9998,4.699,4.699,0,0
C_621,C_632,0.9912,4.699,4.699,0,0
C_621,C_638,0.9994,4.699,4.699,0,0
C_625,C_632,0.9916,4.699,4.699,0,0
C_625,C_638,0.9996,4.699,4.699,0,0
C_628,C_633,0.9998,4.699,4.699,0,0
C_631,C_634,0.9959,6.398,6.398,0,0
C_632,C_638,0.9945,4.699,4.699,0,0
C_639,C_640,0.9999,7.046,7.046,0,0
