S/N,Compound ID,PubChem CID,Isomeric SMILES,IC50 (µM),pIC50
1,C_001,5437,C1C(=O)NC(=O)S1,0.54,6.27
2,C_002,7757,CC(=O)CC(=O)OC,19,4.72
3,C_003,7761,CCOC(=O)CC(=O)OCC,5,5.3
4,C_004,41774,C[C@@H]1[C@H]([C@@H]([C@H]([C@H](O1)O[C@@H]2[C@H](O[C@@H]([C@@H]([C@H]2O)O)O[C@@H]3[C@H](OC([C@@H]([C@H]3O)O)O)CO)CO)O)O)N[C@H]4C=C([C@H]([C@@H]([C@H]4O)O)O)CO,2,5.7
5,C_005,51634,CCCCN1C[C@@H]([C@H]([C@@H]([C@H]1CO)O)O)O,2.1,5.68
6,C_006,73160,C1[C@H]([C@@H](OC2=CC(=CC(=C21)O)O)C3=CC(=C(C=C3)O)O)O,53.8,4.27
7,C_007,92381,CN1C[C@@H]([C@H]([C@@H]([C@H]1CO)O)O)O,0.12,6.92
8,C_008,96637,C1=CC(=CC=C1C2=NN=C(S2)N)[N+](=O)[O-],2.3,5.64
9,C_009,100437,COC1=C(C(=C(C(=C1)C2=CC=C(C=C2)O)OC)O)C3=CC=C(C=C3)O,4.79,5.32
10,C_010,123740,CC(=CCC1=C(C=CC(=C1)C[C@@]2(C(=C(C(=O)O2)O)C3=CC=C(C=C3)O)C(=O)OC)O)C,14.18,4.85
11,C_011,155893,C1=CC=C(C=C1)C(=O)N2C3=CC(=C(C=C3N=N2)Cl)Cl,3.7,5.43
12,C_012,159496,C([C@@H]1[C@H](C([C@H]([C@H](N1)CO)O)O)O)O,0.04,7.4
13,C_013,174312,C1[C@@H]([C@@H]([C@H]([C@@H]([C@]1(CO)O)O)O)O)N,2.2,5.66
14,C_014,176077,C1[C@@H]([C@H]([C@H]([C@H](N1)CO)O)O)O,1.5,5.82
15,C_015,182638,C1=CC(=C(C=C1Cl)Cl)C2=NN=C(S2)N,2.3,5.64
16,C_016,191796,COC1=C(C(=C(C(=C1)C2=CC=C(C=C2)O)OC)O)C3=CC(=C(C=C3)O)O,11.3,4.95
17,C_017,193758,C1=C([C@H]([C@@H]([C@H]([C@H]1N)O)O)O)CO,100,4
18,C_018,256338,CC1=CC2=C(C=C1C)N(N=N2)C(=O)C3=CC=CC=C3,3.4,5.47
19,C_019,256343,C1=CC(=CC(=C1)[N+](=O)[O-])C2=NN=C(S2)N,2.3,5.64
20,C_020,441314,C1[C@@H]([C@H]([C@@H]([C@H](N1CCO)CO)O)O)O,3.7,5.43
21,C_021,444020,C1[C@@H]([C@@H]([C@H]([C@@H]([C@]1(CO)O)O)O)O)NC(CO)CO,1.3,5.89
22,C_022,451991,C1[C@H]([C@@H]([C@H](N1)CO)O)O,55,4.26
23,C_024,570059,C1=CC=C(C=C1)C(=O)N2C3=CC=CC=C3N=N2,5.29,5.28
24,C_025,668392,C1=CC(=CC=C1C2=NN=C(S2)N)Cl,2.3,5.64
25,C_026,677475,C1=CC=C2C(=C1)N=NN2CC(=O)C3=CC=C(C=C3)Cl,2.5,5.6
26,C_027,693001,C1=CC=C2C(=C1)N=NN2C(=O)C3=CC=C(C=C3)Br,3.2,5.49
27,C_028,710644,COC1=CC=C(C=C1)C(=O)N2C3=CC=CC=C3N=N2,2.99,5.52
28,C_029,710799,C1=CC=C2C(=C1)N=NN2C(=O)C3=CC=C(C=C3)[N+](=O)[O-],2.97,5.53
29,C_030,761839,C1=CC=C(C=C1)C(=O)CN2C3=CC=CC=C3N=N2,4.91,5.31
30,C_031,761840,C1=CC=C2C(=C1)N=NN2CC(=O)C3=CC=C(C=C3)Br,2.79,5.55
31,C_032,761841,CC1=CC=C(C=C1)C(=O)CN2C3=CC=CC=C3N=N2,4.78,5.32
32,C_033,764214,CC1=C(C=CC(=C1)C(=O)N2C3=CC=CC=C3N=N2)[N+](=O)[O-],4.1,5.39
33,C_034,772214,C1=CC=C2C(=C1)N=NN2C(=O)C3=C(C=CC=C3F)F,5.23,5.28
34,C_035,785793,C1=CC=C2C(=C1)N=NN2C(=O)C3=CC=C(C=C3)F,2.82,5.55
35,C_036,789010,CC1=C(C=C(C=C1)C(=O)N2C3=CC=CC=C3N=N2)C,4.8,5.32
36,C_037,795004,C1=CC=C(C=C1)C2=CC=C(C=C2)C(=O)CN3C4=CC=CC=C4N=N3,4.98,5.3
37,C_038,834536,CC1=CC(=CC=C1)C(=O)N2C3=CC=CC=C3N=N2,4.42,5.35
38,C_039,898930,COC1=CC=CC=C1C(=O)N2C3=CC=CC=C3N=N2,4.79,5.32
39,C_040,936815,C1=CC(=CC=C1C2=NN=C(S2)N)O,2.3,5.64
40,C_041,2168077,C1=CC=C2C(=C1)N=NN2CC(=O)C3=CC(=CC=C3)[N+](=O)[O-],4,5.4
41,C_042,2814554,C1=CC=C2C(=C1)C(=C(N2)O)N=NC3=NC(=CS3)C4=CC=C(C=C4)Cl,5.3,5.28
42,C_043,2883607,C1=CC=C2C(=C1)C(=CN2)C3(C4=CC=CC=C4NC3=O)C5=CNC6=CC=CC=C65,5.9,5.23
43,C_044,2948971,C1=CC=C2C(=C1)C(=CN2)C3(C4=C(C=CC(=C4)Cl)NC3=O)C5=CNC6=CC=CC=C65,5.9,5.23
44,C_045,2949282,CN1C=C(C2=CC=CC=C21)C3(C4=CC=CC=C4NC3=O)C5=CN(C6=CC=CC=C65)C,5.9,5.23
45,C_046,3438551,CCN1C2=C(C=C(C=C2)NC(=O)CSC3=NC4=CC=CC=C4N3)C5=CC=CC=C51,0.17,6.77
46,C_047,3812150,COC1=CC=C(C=C1)C(=O)CN2C3=CC=CC=C3N=N2,4.5,5.35
47,C_048,3846838,COC1=C(C=C(C=C1)Br)C2=NN=C(S2)N,2.3,5.64
48,C_049,4284022,CC1=CC=C(C=C1)C2=CSC(=N2)N=NC3=C(NC4=CC=CC=C43)O,5.3,5.28
49,C_050,4351712,C1=CC=C(C(=C1)C2=NN=C(S2)N)[N+](=O)[O-],2.3,5.64
50,C_051,4366058,COC1=CC=CC(=C1OC)C2=NN=C(S2)N,2.3,5.64
51,C_052,4596212,CCCCCCCCCCCC(=O)N=NC1=C(NC2=CC=CC=C21)O,2.2,5.66
52,C_053,4936110,CCCCOC1=CC=C(C=C1)C(=O)N2C3=CC=CC=C3N=N2,5.6,5.25
53,C_054,5158729,CC1=CC=C(C=C1)C(=O)N=NC2=C(NC3=C2C=C(C=C3)Cl)O,2.2,5.66
54,C_055,5280343,C1=CC(=C(C=C1C2=C(C(=O)C3=C(C=C(C=C3O2)O)O)O)O)O,7.8,5.11
55,C_056,5280961,C1=CC(=CC=C1C2=COC3=CC(=CC(=C3C2=O)O)O)O,2.61,5.58
56,C_057,5281650,CC(=CCC1=C(C2=C(C=C1O)OC3=C(C2=O)C(=C(C(=C3)O)OC)CC=C(C)C)O)C,5.7,5.24
57,C_058,5317563,CC(=CCC/C(=C/COC1=CC2=C(C=C1)OC3=CC(=CC(=C3C2=O)O)O)/C)C,20.6,4.69
58,C_059,5355836,CC1=CC(=O)OC2=C1C=CC(=C2O)O,52,4.28
59,C_060,5464078,CC(=CCC1=C(C2=C(C=C1O)OC3=C(C2=O)C(=C(C(=C3)O)O)CC=C(C)C)O)C,1.7,5.77
60,C_061,5495925,CC(=CCC1=C(C=C2C(=C1O)C(=O)C3=C(O2)C=C(C(=C3CC=C(C)C)OC)O)OC)C,22.6,4.65
61,C_062,5495929,CC(=CCC1=C(C(=CC2=C1C(=O)C3=C(C4=C(C=C3O2)OC(C=C4)(C)C)O)O)OC)C,11.4,4.94
62,C_063,6407588,CC1=CC=C(C=C1)C2=CSC(=N2)NC(=O)CSC3=NC(=C(N=N3)C4=CC=CC=C4)C5=CC=CC=C5,2.8,5.55
63,C_064,6411033,C1=CC=C(C=C1)C2=CSC(=N2)NC(=O)CSC3=NC(=C(N=N3)C4=CC=CC=C4)C5=CC=CC=C5,2.8,5.55
64,C_065,6415895,C1=CC=C(C=C1)C2=C(N=NC(=N2)SCC(=O)NC3=NC(=CS3)C4=CC=C(C=C4)F)C5=CC=CC=C5,2.8,5.55
65,C_066,6451151,C1[C@H]([C@@H]([C@H]([S+]1C[C@H]([C@H](CO)OS(=O)(=O)[O-])O)CO)O)O,4.9,5.31
66,C_069,6475031,CCCCN1[C@@H]([C@H](C([C@H]([C@H]1CO)O)O)O)CO,4.2,5.38
67,C_070,6477160,CN1[C@@H]([C@H](C([C@H]([C@H]1CO)O)O)O)CO,0.06,7.22
68,C_071,6870730,C1=CC=C(C=C1)/C=N/NC(=O)C2=CC3=CC=CC=C3OC2=O,1.1,5.96
69,C_072,7479831,CN(C)C1=CC=C(C=C1)C2=NN=C(S2)N,2.3,5.64
70,C_073,9689210,C1=CC=C2C(=C1)C=C(N2)C(=O)N/N=C/C3=CC=C(C=C3)Cl,2.3,5.64
71,C_074,9822159,C1[C@@H]([C@H]([C@@H]([C@H](N1CCCCCOCC23CC4CC(C2)CC(C4)C3)CO)O)O)O,3,5.52
72,C_075,10405953,COC(=O)[C@]1(C(=C(C(=O)O1)O)C2=CC=C(C=C2)O)CC3=CC=C(C=C3)O,85.13,4.07
73,C_076,10429220,COC1=C(C(=C(C(=C1)C2=CC(=C(C=C2)O)O)OC)O)C3=CC(=C(C=C3)O)O,14,4.85
74,C_077,10589581,C1C/C(=C\C2=CC=CC=C2)/C(=O)/C(=C/C3=CC=C(C=C3)O)/C1,42.3,4.37
75,C_078,10643491,CC(=CCC1=C(C(=C2C(=C1O)C(=O)C3=C(O2)C=CC(=C3)O)CC=C(C)C)O)C,25.5,4.59
76,C_079,10656015,CC1=C2C(=CC=C1)NC(=N2)C3=CC=NC=C3,5.3,5.28
77,C_080,11160865,CC1=C2C(=CC=C1)NC(=N2)C3=CC=CC=C3Cl,5.3,5.28
78,C_081,11218984,CC1=C2C(=CC=C1)NC(=N2)C3=CC=CC=C3[N+](=O)[O-],5.3,5.28
79,C_082,11630203,C1[C@@H]([C@H]([C@@H]([C@H]([C@H]1NC(CO)CO)O)O)O)CO,0.55,6.26
80,C_083,11633740,CC(=CCC/C(=C/CC1=C2C(=C(C(=C1O)CC=C(C)C)O)C(=O)C3=C(O2)C=CC(=C3)O)/C)C,17.4,4.76
81,C_084,11640963,C[C@@]12CC[C@H]([C@@]([C@H]1CCC(=C)[C@H]2/C=C/C3=C/C(=C/C4=CC=C(C=C4)OC)/OC3=O)(C)CO)O,16,4.8
82,C_085,11748894,C1[C@H]([C@@H]([C@H]([S+]1C[C@H]([C@H](CO)O)O)CO)O)O,9,5.05
83,C_086,11754819,CC(=CCC/C(=C/CC1=C(C(=CC2=C1C(=O)C3=C(O2)C=C(C(=C3O)CC=C(C)C)O)O)OC)/C)C,37.4,4.43
84,C_087,11775074,C1=CC=C2C(=C1)C(=CN2)C3(C4=C(C=CC(=C4)Br)NC3=O)C5=CNC6=CC=CC=C65,5.9,5.23
85,C_088,13397330,C1=CC=C(C=C1)C2=C(N=NC(=N2)SCC(=O)NC3=NC(=CS3)C4=CC=C(C=C4)Cl)C5=CC=CC=C5,2.8,5.55
86,C_089,14356503,CC1=CC=C(C=C1)/C=N/NC(=O)C2=CC3=CC=CC=C3OC2=O,1.1,5.96
87,C_090,14356507,COC1=CC=C(C=C1)/C=N/NC(=O)C2=CC3=CC=CC=C3OC2=O,1.1,5.96
88,C_091,16095414,C1=CC=C(C=C1)C(=O)C[C@@H](C2=CC=C(C=C2)Cl)C3=CNC4=CC=CC=C43,4.3,5.37
89,C_092,16095545,C1=CC=C(C=C1)[C@H](CC(=O)C2=CC=CC=C2)C3=CNC4=CC=CC=C43,4.3,5.37
90,C_093,16095547,COC1=CC=C(C=C1)[C@H](CC(=O)C2=CC=CC=C2)C3=CNC4=CC=CC=C43,4.3,5.37
91,C_094,16121613,C[C@@]12CC[C@H]([C@@]([C@H]1CCC(=C)[C@H]2/C=C/C3=C/C(=C/C4=CC=CC=C4)/OC3=O)(C)CO)O,58,4.24
92,C_095,16121614,C[C@@]12CC[C@H]([C@@]([C@H]1CCC(=C)[C@H]2/C=C/C3=C/C(=C/C4=CC5=C(C=C4)OCO5)/OC3=O)(C)CO)O,82,4.09
93,C_096,16386607,C1=CC=C2C(=C1)N=CN2C3=CC=C(C=C3)/C=C/4\C(=O)NC(=O)S4,0.55,6.26
94,C_097,17603805,C1=CC=C2C(=C1)C=C3C=CC=CC3=C2C4=NN=C(S4)N,2.3,5.64
95,C_098,17603827,C1=CC=C(C=C1)COC2=CC=C(C=C2)C3=NN=C(S3)N,2.3,5.64
96,C_099,21021619,CCCCCCCCNC1C=C(C(C(C1O)O)O)CO,17,4.77
97,C_100,21682292,CC1=C2C(=CC=C1)NC(=N2)C3=CC=C(C=C3)F,5.3,5.28
98,C_101,23538861,CC(=CCOC1=CC=C(C=C1)C2=C(C=C(C(=C2O)OC)C3=CC=C(C=C3)O)OC)C,17.5,4.76
99,C_102,23630784,CC(=CCC1=C(C=CC(=C1)C2=C(C=C(C(=C2O)OC)C3=CC=C(C=C3)O)OC)O)C,25.7,4.59
100,C_103,23793555,COC1=CC=C(C=C1)C2=CSC(=N2)NC(=O)CSC3=NC(=C(N=N3)C4=CC=CC=C4)C5=CC=CC=C5,2.8,5.55
101,C_104,24796417,C1=CC(=CC=C1/C=N/C2=NN=C(S2)C3=CC=C(C=C3)Cl)[N+](=O)[O-],2.3,5.64
102,C_105,24873940,CC1=CC2=C(C=C1)NC(=O)C2(C3=CNC4=CC=CC=C43)C5=CNC6=CC=CC=C65,5.9,5.23
103,C_106,25265784,CC1(CCC2=C(O1)C=CC(=C2)C[C@@]3(C(=C(C(=O)O3)O)C4=CC=C(C=C4)O)C(=O)OC)C,47.33,4.32
104,C_108,44384057,CCCCCCNC1C=C(C(C(C1O)O)O)CO,50,4.3
105,C_109,44411113,C[C@@]12CC[C@@H]3[C@]([C@H]1CCC(=C)[C@H]2C/C=C/4\[C@@H](COC4=O)O)(COC(O3)C5=CC(=CC=C5)Br)C,100,4
106,C_110,44411422,C[C@@]12CC[C@H]([C@@]([C@H]1CCC(=C)[C@H]2/C=C/C3=C/C(=C/C=C/C4=CC=CC=C4)/OC3=O)(C)CO)O,58,4.24
107,C_111,44437482,C[C@@]12CC[C@H]([C@@]([C@H]1CCC(=C)[C@H]2/C=C/C3=C/C(=C/C4=CC(=C(C=C4OC)OC)OC)/OC3=O)(C)CO)O,84,4.08
108,C_112,44437483,C[C@@]12CC[C@H]([C@@]([C@H]1CCC(=C)[C@H]2/C=C/C3=C/C(=C/C4=CC=C(C=C4)N(C)C)/OC3=O)(C)CO)O,70,4.15
109,C_113,44437486,C[C@@]12CC[C@H]([C@@]([C@H]1CCC(=C)[C@H]2/C=C/C3=C/C(=C/C4=CC=CO4)/OC3=O)(C)CO)O,100,4
110,C_114,44437487,C/C=C/CCC/C=C(\C)/C=C/1\C=C(C(=O)O1)/C=C/[C@@H]2C(=C)CC[C@H]3[C@]2(CC[C@H]([C@@]3(C)COC(=O)C4=CN=CC=C4)OC(=O)C5=CN=CC=C5)C,28,4.55
111,C_115,44437488,C[C@@]12CC[C@H]([C@@]([C@H]1CCC(=C)[C@H]2/C=C/C3=C/C(=C\C4=CC=CC=C4)/OC3=O)(C)COC(=O)C5=CN=CC=C5)OC(=O)C6=CN=CC=C6,16,4.8
112,C_116,44437489,C[C@@]12CC[C@H]([C@@]([C@H]1CCC(=C)[C@H]2/C=C/C3=C/C(=C\C4=CC=C(C=C4)Cl)/OC3=O)(C)COC(=O)C5=CN=CC=C5)OC(=O)C6=CN=CC=C6,6,5.22
113,C_117,44437490,C[C@@]12CC[C@H]([C@@]([C@H]1CCC(=C)[C@H]2/C=C/C3=C/C(=C\C4=CC(=CC=C4)Br)/OC3=O)(C)COC(=O)C5=CN=CC=C5)OC(=O)C6=CN=CC=C6,14,4.85
114,C_118,44437491,C[C@@]12CC[C@H]([C@@]([C@H]1CCC(=C)[C@H]2/C=C/C3=C/C(=C\C4=CC=C(C=C4)N(C)C)/OC3=O)(C)COC(=O)C5=CN=CC=C5)OC(=O)C6=CN=CC=C6,25,4.6
115,C_119,44437492,C[C@@]12CC[C@H]([C@@]([C@H]1CCC(=C)[C@H]2/C=C/C3=C/C(=C/C4=CC=CO4)/OC3=O)(C)COC(=O)C5=CN=CC=C5)OC(=O)C6=CN=CC=C6,36,4.44
116,C_120,44437493,C[C@@]12CC[C@H]([C@@]([C@H]1CCC(=C)[C@H]2/C=C/C3=C/C(=C\C4=CC=C(C=C4)OC)/OC3=O)(C)COC(=O)C5=CN=CC=C5)OC(=O)C6=CN=CC=C6,11,4.96
117,C_122,51042112,CC(=CCC/C(=C/COC1=C(C(=C2C(=C1)OC3=C(C2=O)C=C(C=C3)O)O)CC=C(C)C)/C)C,28.4,4.55
118,C_123,53375223,C1=CC=C2C(=C1)C=C(C(=O)O2)C(=O)N/N=C/C3=CC=CC=C3[N+](=O)[O-],1.1,5.96
119,C_124,54580834,CCO[C@@H](CO)[C@@H](C[S+]1C[C@H]([C@@H]([C@H]1CO)O)O)O.[Cl-],0.96,6.02
120,C_125,54584900,C[C@]12CCC(=O)C[C@@H]1CC[C@@H]3[C@@H]2CC[C@]4([C@H]3CC[C@@H]4O)C.C[C@]12CC[C@H]3[C@H]([C@@H]1CC[C@@H]2O)CCC4[C@@]3(CCC(=O)C4)C,100,4
121,C_126,54586701,CCCCCCCCCCCCCO[C@@H](CO)[C@@H](C[S+]1C[C@H]([C@@H]([C@H]1CO)O)O)O.[Cl-],1.1,5.96
122,C_127,54587740,CO[C@@H](CO)[C@@H](C[S+]1C[C@H]([C@@H]([C@H]1CO)O)O)O.[Cl-],2,5.7
123,C_128,54941384,CC1=C2C(=CC=C1)NC(=N2)C3=CC(=CC=C3)O,5.3,5.28
124,C_129,59018257,CC1=C2C(=CC=C1)NC(=N2)C3=CC=CC=C3F,5.3,5.28
125,C_130,59018388,CC1=C2C(=CC=C1)NC(=N2)C3=CC=C(C=C3)Cl,5.3,5.28
126,C_131,60201905,C1[C@H]([C@@H]([C@H]([S+]1C[C@H]([C@H](CO)OCC2=CC=CC=C2[N+](=O)[O-])O)CO)O)O.[Cl-],0.15,6.82
127,C_132,60646299,CC1=C2C(=CC=C1)NC(=N2)C3=CC=CS3,5.3,5.28
128,C_133,60646448,CC1=C2C(=CC=C1)NC(=N2)C3=CC(=CC=C3)Cl,5.3,5.28
129,C_134,60646537,CC1=C2C(=CC=C1)NC(=N2)C3=CC(=CC=C3)F,5.3,5.28
130,C_135,60746809,C1=CC=C2C(=C1)N=NN2CC(=O)C3=CC(=CC=C3)Br,2.79,5.55
131,C_136,60747003,C1=CC=C2C(=C1)N=NN2CC(=O)C3=CC(=C(C=C3)Cl)Cl,3.9,5.41
132,C_137,70682078,C[C@@H]1[C@H]([C@@H]([C@H]([C@H](O1)OC)O)O)N[C@H]2C=C([C@H]([C@@H]([C@H]2O)O)O)CO,3.2,5.49
133,C_138,70684192,CO[C@@H]1[C@@H]([C@H]([C@@H]([C@H](O1)CO)N[C@H]2C=C([C@H]([C@@H]([C@H]2O)O)O)CO)O)O,7.2,5.14
134,C_139,70688441,C[C@@H]1[C@@H]([C@@H]([C@H]([C@H](O1)OC)O)O)N[C@H]2C[C@@]([C@H]([C@@H]([C@H]2O)O)O)(CO)O,0.65,6.19
135,C_140,70688442,C[C@H]1C[C@@H]([C@@H]([C@H]([C@H]1N[C@H]2C[C@@]([C@H]([C@@H]([C@H]2O)O)O)(CO)O)O)O)O,0.07,7.17
136,C_141,70688446,C[C@H]1C[C@@H]([C@@H]([C@H]([C@H]1N[C@H]2C[C@@]([C@H]([C@@H]([C@H]2O)O)O)(CO)O)O)O)N,1.5,5.82
137,C_144,70692637,CO[C@@H]1[C@@H]([C@H]([C@H]([C@H](O1)CO)N[C@H]2C[C@@]([C@H]([C@@H]([C@H]2O)O)O)(CO)O)O)O,0.1,7
138,C_149,71569087,C1=CC=C(C(=C1)/C(=C/C(=O)/C=C/C2=CC(=C(C=C2)O)O)/O)O,14.3,4.84
139,C_150,73347264,C1[C@@H]([C@@H]([C@H]([C@@H]([C@]1(CO)O)O)O)O)N[C@H](CO)C2=CC=CC=C2,34,4.47
140,C_151,73350356,C1[C@@H]([C@@H]([C@@H]([C@H]([C@]1(CO)O)O)O)O)NC[C@@H](C2=CC=CC=C2)O,0.01,8.24
141,C_154,78168139,CCC1C(C(C(C(N1)CC)O)O)O,10,5
142,C_155,78908128,CC1=C2C(=CC=C1)NC(=N2)C3=CC(=C(C=C3)OC)O,5.3,5.28
143,C_156,84410102,CC1=CC2=C(C=C1C)N(N=N2)CC(=O)C3=CC=C(C=C3)Cl,2.21,5.66
144,C_157,84410550,CC1=CC2=C(C=C1C)N(N=N2)CC(=O)C3=CC=CC=C3,3.41,5.47
145,C_158,89495334,C1=CN(C(=O)N=C1N)C2[C@@H]([C@@H](C(O2)CO)O)O,2.5,5.6
146,C_159,101671063,CC(=CCC/C(=C/CC1=C(C(=CC2=C1C(=O)C3=C(O2)C=C(C(=C3O)C/C=C(\C)/CO)O)O)OC)/C)C,28.7,4.54
147,C_160,101872894,C1CC[C@H]([C@@H](C1)N[C@H]2C[C@@]([C@H]([C@@H]([C@H]2O)O)O)(CO)O)O,0.01,8.21
148,C_161,101882899,C1[C@@H]([C@H]([C@@H]([C@H](N1CCCC(COCC2=CC=C(C=C2)C3=CC=CC=C3)(F)F)CO)O)O)O,9,5.05
149,C_162,102004659,CC(=CCC1=C(C(=CC2=C1C(=O)C3=C(O2)C=C(C(=C3O)CCC(C)(C)O)O)O)OC)C,30.7,4.51
150,C_163,102432416,CC1=CC=C(C=C1)[C@H](CC(=O)C2=CC3=CC=CC=C3C=C2)C4=CNC5=CC=CC=C54,4.3,5.37
151,C_164,102432417,C1=CC=C(C=C1)[C@H](CC(=O)C2=CC3=CC=CC=C3C=C2)C4=CNC5=CC=CC=C54,4.3,5.37
152,C_165,102519726,CC(=C)C(CC/C(=C/COC1=CC2=C(C=C1)OC3=CC(=CC(=C3C2=O)O)O)/C)O,13.7,4.86
153,C_166,118411068,C1[C@@H]([C@H]([C@@H]([C@H](N1CCCCCOCC2=CC(=C(C=C2)C3=CC=CC=C3)C(F)(F)F)CO)O)O)O,7,5.15
154,C_167,118411071,C1[C@@H]([C@H]([C@@H]([C@H](N1CCCCCOCC2=C(C=C(C=C2)C3=CC=CC=C3)C(F)(F)F)CO)O)O)O,8,5.1
155,C_168,118411072,C1[C@@H]([C@H]([C@@H]([C@H](N1CCCCCOCC2=C(C=C(C=C2)C3=CC=CC=C3)F)CO)O)O)O,2.5,5.6
156,C_169,118411073,C1[C@@H]([C@H]([C@@H]([C@H](N1CCCCCOCC2=CC=C(C=C2)C3=CC=CC=C3)CO)O)O)O,2,5.7
157,C_170,118411074,C1[C@@H]([C@H]([C@@H]([C@H](N1CCCCCOCC2=CC(=C(C=C2)C3=CC=CC=C3)F)CO)O)O)O,3,5.52
158,C_171,118411076,C1[C@@H]([C@H]([C@@H]([C@H](N1CCCCCOCC2=CC=CC=C2C3=CC=CC=C3)CO)O)O)O,1.5,5.82
159,C_172,118718367,C1[C@@H]([C@@H]([C@H]([C@@H]([C@]1(CO)O)O)O)O)N(CO)CO,0.01,7.82
160,C_173,118718368,C1CCC(CC1)CN[C@H]2C[C@@]([C@H]([C@@H]([C@H]2O)O)O)(CO)O,0.24,6.62
161,C_174,118718369,C1CCC(CC1)N[C@H]2C[C@@]([C@H]([C@@H]([C@H]2O)O)O)(CO)O,0.41,6.39
162,C_175,118718370,C1[C@@H]([C@@H]([C@H]([C@@H]([C@]1(CO)O)O)O)O)NCC2=CC=C(C=C2)Br,0.23,6.64
163,C_176,118718371,C1=C([C@H]([C@@H]([C@H]([C@H]1NC(CO)CO)O)O)O)CO,5.9,5.23
164,C_177,118718372,C1[C@@H]([C@@H]([C@H]([C@@H]([C@]1(CO)O)O)O)O)NCCC2=CC=CC=C2,0.1,7
165,C_178,118718373,CC(=CCC/C(=C/CN[C@H]1C[C@@]([C@H]([C@@H]([C@H]1O)O)O)(CO)O)/C)C,0.52,6.28
166,C_180,118718375,C1[C@@H]([C@@H]([C@H]([C@@H]([C@]1(CO)O)O)O)O)NCC2=CC=CS2,0.2,6.7
167,C_181,118718376,CC(C)(C)C1=CC(=CC(=C1O)C(C)(C)C)CN[C@H]2C[C@@]([C@H]([C@@H]([C@H]2O)O)O)(CO)O,0.04,7.37
168,C_182,118718377,C1[C@@H]([C@@H]([C@H]([C@@H]([C@]1(CO)O)O)O)O)NC/C=C/C2=CC=CC=C2,0.27,6.57
169,C_183,118718379,C1[C@@H]([C@@H]([C@H]([C@@H]([C@]1(CO)O)O)O)O)NCC2=CN=CC=C2,0.33,6.48
170,C_184,118719919,C1[C@@H]([C@H]([C@@H]([C@H](N1CCCCCOCC2=CC(=CC=C2)C3=CC=CC=C3)CO)O)O)O,1.5,5.82
171,C_185,118720302,C[C@@H](C1=CC=C(C=C1)C2=CC=CC=C2)OCCCCCN3C[C@@H]([C@H]([C@@H]([C@H]3CO)O)O)O,2.5,5.6
172,C_187,118730249,C1=CC=C2C(=C1)N=C(S2)C3=CC=C(C=C3)C(=O)N/N=C\C4=CC=CC=N4,10.23,4.99
173,C_188,118730252,C1=CC=C2C(=C1)N=C(S2)C3=CC=C(C=C3)C(=O)N/N=C/C4=CC=CS4,8.48,5.07
174,C_189,118730256,C1=CC=C2C(=C1)N=C(S2)C3=CC=C(C=C3)C(=O)N/N=C\C4=CC=CO4,12.75,4.89
175,C_190,118730261,C1=CC=C2C(=C1)N=C(S2)C3=CC=C(C=C3)C(=O)N/N=C/C4=CC=C(C=C4)[N+](=O)[O-],26.38,4.58
176,C_191,118730263,C1=CC=C2C(=C1)N=C(S2)C3=CC=C(C=C3)C(=O)N/N=C/C4=CC=C(C=C4)F,7.12,5.15
177,C_192,118730264,COC1=CC(=CC(=C1)/C=N/NC(=O)C2=CC=C(C=C2)C3=NC4=CC=CC=C4S3)OC,16.17,4.79
178,C_193,118730265,C1=CC=C(C=C1)/C=N/NC(=O)C2=CC=C(C=C2)C3=NC4=CC=CC=C4S3,8.05,5.09
179,C_194,118730266,C1=CC=C2C(=C1)N=C(S2)C3=CC=C(C=C3)C(=O)N/N=C/C4=CC(=C(C=C4)F)Br,28.02,4.55
180,C_195,118730267,COC1=CC=C(C=C1)/C=N/NC(=O)C2=CC=C(C=C2)C3=NC4=CC=CC=C4S3,18.33,4.74
181,C_196,118730270,C1=CC=C2C(=C1)N=C(S2)C3=CC=C(C=C3)C(=O)N/N=C/C4=CC=C(C=C4)Cl,5.31,5.27
182,C_197,118730271,COC1=CC=CC(=C1)/C=N/NC(=O)C2=CC=C(C=C2)C3=NC4=CC=CC=C4S3,11.09,4.96
183,C_198,118730272,C1=CC=C2C(=C1)N=C(S2)C3=CC=C(C=C3)C(=O)N/N=C/C4=CC(=CC=C4)O,9.21,5.04
184,C_199,118730275,COC1=C(C(=C(C=C1)/C=N/NC(=O)C2=CC=C(C=C2)C3=NC4=CC=CC=C4S3)I)O,44.8,4.35
185,C_200,118730277,C1=CC=C2C(=C1)N=C(S2)C3=CC=C(C=C3)C(=O)N/N=C/C4=CC(=CC(=C4)O)O,11.12,4.95
186,C_201,118855492,C1=CC=C2C(=C1)C=C(N2)C(=O)N/N=C/C3=CC(=CC(=C3)O)O,2.3,5.64
187,C_202,118855494,COC1=C(C=C(C=C1)/C=N/NC(=O)C2=CC3=CC=CC=C3N2)O,2.3,5.64
188,C_203,118855496,COC1=C(C(=C(C=C1)/C=N/NC(=O)C2=CC3=CC=CC=C3N2)I)O,2.3,5.64
189,C_204,119081250,COC1=CC=C(C=C1)/C=N/NC(=O)C2=NC(=CS2)C3=CC4=CC=CC=C4OC3=O,6.2,5.21
190,C_205,119081260,C1=CC=C2C(=C1)C=C(C(=O)O2)C3=CSC(=N3)C(=O)N/N=C/C4=CC=C(C=C4)Cl,6.2,5.21
191,C_206,119081261,C1=CC=C2C(=C1)C=C(C(=O)O2)C3=CSC(=N3)C(=O)N/N=C/C4=CC(=CC=C4)Cl,6.2,5.21
192,C_207,119081262,C1=CC=C2C(=C1)C=C(C(=O)O2)C3=CSC(=N3)C(=O)N/N=C/C4=CC=C(C=C4)C(F)(F)F,6.2,5.21
193,C_208,119081263,C1=CC=C2C(=C1)C=C(C(=O)O2)C3=CSC(=N3)C(=O)N/N=C/C4=CC=CC=C4F,6.2,5.21
194,C_209,119081264,C1=CC=C2C(=C1)C=C(C(=O)O2)C3=CSC(=N3)C(=O)N/N=C/C4=CC(=CC=C4)Br,6.2,5.21
195,C_210,119081265,COC1=CC=CC=C1/C=N/NC(=O)C2=NC(=CS2)C3=CC4=CC=CC=C4OC3=O,6.2,5.21
196,C_211,121225769,C1=CC=C2C(=C1)C=C(C(=O)O2)C3=CSC(=N3)C(=O)N/N=C/C4=CC(=CC=C4)F,6.2,5.21
197,C_212,122181573,C1=CC=C2C(=C1)C=C(C(=O)O2)C(=O)N/N=C/C3=CC=C(C=C3)[N+](=O)[O-],1.1,5.96
198,C_213,122185117,C1C/C(=C\C2=CC(=C(C=C2)O)O)/C(=C(C1)C(=O)C3=CC=CC=C3)O,41,4.39
199,C_214,122191974,C1=CC=C(C=C1)C2=C(N(C(=N2)C3=C(NC4=CC=CC=C43)C5=CC=C(C=C5)C(F)(F)F)C6=CC=CC=C6)C7=CC=CC=C7,8.3,5.08
200,C_215,126715487,CC1=CC=C(C=C1)[C@H](CC(=O)C2=CC=CC=C2)C3=CNC4=CC=CC=C43,4.3,5.37
201,C_216,126715488,COC1=CC=C(C=C1)[C@H](CC(=O)C2=CC3=CC=CC=C3C=C2)C4=CNC5=CC=CC=C54,4.3,5.37
202,C_217,126715493,C1=CC=C(C=C1)C(=O)C[C@@H](C2=CC=CS2)C3=CNC4=CC=CC=C43,4.3,5.37
203,C_218,126715501,C1=CC=C2C=C(C=CC2=C1)C(=O)C[C@@H](C3=CC=C(C=C3)Cl)C4=CNC5=CC=CC=C54,4.3,5.37
204,C_219,126962135,C1=CC=C(C=C1)CN2C=C(C3=CC=CC=C32)C4(C5=CC=CC=C5NC4=O)C6=CN(C7=CC=CC=C76)CC8=CC=CC=C8,5.9,5.23
205,C_220,126962136,C1=CC=C2C(=C1)C(=CN2CC3=CC(=CC=C3)F)C4(C5=CC=CC=C5NC4=O)C6=CN(C7=CC=CC=C76)CC8=CC(=CC=C8)F,5.9,5.23
206,C_221,126962137,C1=CC=C2C(=C1)C(=CN2CC3=CC=C(C=C3)Br)C4(C5=CC=CC=C5NC4=O)C6=CN(C7=CC=CC=C76)CC8=CC=C(C=C8)Br,5.9,5.23
207,C_222,127048314,CC(C)(C)CO[C@@H](CO)[C@@H](C[S+]1C[C@H]([C@@H]([C@H]1CO)O)O)O.[Cl-],0.47,6.33
208,C_223,127051169,CC(C)CO[C@@H](CO)[C@@H](C[S+]1C[C@H]([C@@H]([C@H]1CO)O)O)O.[Cl-],0.69,6.16
209,C_224,127052422,CCCCCO[C@@H](CO)[C@@H](C[S+]1C[C@H]([C@@H]([C@H]1CO)O)O)O.[Cl-],1.5,5.82
210,C_225,127052423,CCCCCCCO[C@@H](CO)[C@@H](C[S+]1C[C@H]([C@@H]([C@H]1CO)O)O)O.[Cl-],0.64,6.19
211,C_226,127053745,C1=CC=C(C(=C1)CN2C=C(C3=CC=CC=C32)C4(C5=CC=CC=C5NC4=O)C6=CN(C7=CC=CC=C76)CC8=CC=CC=C8Cl)Cl,5.9,5.23
212,C_227,127053746,C1=CC=C(C(=C1)CN2C=C(C3=CC=CC=C32)C4(C5=CC=CC=C5NC4=O)C6=CN(C7=CC=CC=C76)CC8=CC=CC=C8F)F,5.9,5.23
213,C_228,127053747,CCCN1C=C(C2=CC=CC=C21)C3(C4=CC=CC=C4NC3=O)C5=CN(C6=CC=CC=C65)CCC,5.9,5.23
214,C_229,127053748,CC(C)N1C=C(C2=CC=CC=C21)C3(C4=CC=CC=C4NC3=O)C5=CN(C6=CC=CC=C65)C(C)C,5.9,5.23
215,C_230,127053749,CCCCN1C=C(C2=CC=CC=C21)C3(C4=CC=CC=C4NC3=O)C5=CN(C6=CC=CC=C65)CCCC,5.9,5.23
216,C_231,127053750,CC(C)CN1C=C(C2=CC=CC=C21)C3(C4=CC=CC=C4NC3=O)C5=CN(C6=CC=CC=C65)CC(C)C,5.9,5.23
217,C_232,129774355,CC1(CCC2=C(O1)C=CC(=C2)CC3C(=C(C(=O)O3)O)C4=CC=C(C=C4)O)C,11.65,4.93
218,C_233,132522820,C1=CC(=CC(=C1)F)C2=C(N=NC(=N2)SCC(COC3=CC4=C(C=C3)C=CC(=O)O4)O)C5=CC(=CC=C5)F,32,4.49
219,C_234,132522821,C1=CC(=CC2=C1C=CC(=O)O2)OCC(CSC3=NC(=C(N=N3)C4=CC=C(C=C4)F)C5=CC=C(C=C5)F)O,32,4.49
220,C_235,132522822,C1=CC=C(C=C1)C2=C(N=NC(=N2)SCC(COC3=CC4=C(C=C3)C=CC(=O)O4)O)C5=CC=CC=C5,32,4.49
221,C_236,132522823,C1=COC(=C1)C2=C(N=NC(=N2)SCC(COC3=CC4=C(C=C3)C=CC(=O)O4)O)C5=CC=CO5,32,4.49
222,C_237,132522824,C1=CC=C2C(=C1)C=C(C(=O)O2)OCC(CSC3=NC(=C(N=N3)C4=CC=CO4)C5=CC=CO5)O,32,4.49
223,C_238,132522825,C1=CC=C2C(=C1)C=C(C(=O)O2)OCC(CSC3=NC(=C(N=N3)C4=CC=C(C=C4)F)C5=CC=C(C=C5)F)O,32,4.49
224,C_239,132522826,C1=CC=C2C(=C1)C=C(C(=O)O2)OCC(CSC3=NC(=C(N=N3)C4=CC(=CC=C4)Br)C5=CC(=CC=C5)Br)O,32,4.49
225,C_240,132577715,CC1(CCC2=C(O1)C=CC(=C2)CC3=C([C@](OC3=O)(C(=O)OC)O)C4=CC=C(C=C4)O)C,10.3,4.99
226,C_241,132577716,CC1(CCC2=C(O1)C=CC(=C2)CC3=C([C@](OC3=O)(C(=O)O)O)C4=CC=C(C=C4)O)C,7.63,5.12
227,C_242,134131791,CC1=CC=C(C=C1)NC(=O)CN2C=C(N=N2)CN3C(=C(N=C3C4=CC=CC=C4OC)C5=CC=CC=C5)C6=CC=CC=C6,15,4.82
228,C_243,134133547,C1=CC=C(C=C1)C2=C(N(C(=N2)C3=CC=C(C=C3)F)CC4=CN(N=N4)CC(=O)NC5=C(C=C(C=C5)Cl)Cl)C6=CC=CC=C6,15,4.82
229,C_244,134134001,COC1=CC=C(C=C1)NC(=O)CN2C=C(N=N2)CN3C(=C(N=C3C4=CC(=CC=C4)Cl)C5=CC=CC=C5)C6=CC=CC=C6,15,4.82
230,C_245,134134009,CC1=CC(=C(C=C1)NC(=O)CN2C=C(N=N2)CN3C(=C(N=C3C4=CC(=CC=C4)F)C5=CC=CC=C5)C6=CC=CC=C6)C,15,4.82
231,C_246,134134112,CCOC1=CC=C(C=C1)NC(=O)CN2C=C(N=N2)CN3C(=C(N=C3C4=CC=C(C=C4)C(=O)OC)C5=CC=CC=C5)C6=CC=CC=C6,15,4.82
232,C_247,134134969,CCOC1=CC=C(C=C1)NC(=O)CN2C=C(N=N2)CN3C(=C(N=C3C4=CC(=CC=C4)Cl)C5=CC=CC=C5)C6=CC=CC=C6,15,4.82
233,C_248,134137273,CCOC1=CC=CC=C1NC(=O)CN2C=C(N=N2)CN3C(=C(N=C3C4=CC(=CC=C4)Br)C5=CC=CC=C5)C6=CC=CC=C6,15,4.82
234,C_249,134139205,COC1=CC=C(C=C1)NC(=O)CN2C=C(N=N2)CN3C(=C(N=C3C4=CC=CS4)C5=CC=CC=C5)C6=CC=CC=C6,15,4.82
235,C_250,134140317,CCOC1=CC=CC=C1NC(=O)CN2C=C(N=N2)CN3C(=C(N=C3C4=CC=CC=C4F)C5=CC=CC=C5)C6=CC=CC=C6,15,4.82
236,C_251,134140665,C1=CC=C(C=C1)C2=C(N(C(=N2)C3=CC=C(C=C3)Br)CC4=CN(N=N4)CC(=O)NC5=CC=C(C=C5)F)C6=CC=CC=C6,15,4.82
237,C_252,134148325,CC1=CC=CC=C1NC(=O)CN2C=C(N=N2)CN3C(=C(N=C3C4=CC(=CC=C4)F)C5=CC=CC=C5)C6=CC=CC=C6,15,4.82
238,C_253,134149940,CC1=CC=CC=C1NC(=O)CN2C=C(N=N2)CN3C(=C(N=C3C4=CC=C(C=C4)Br)C5=CC=CC=C5)C6=CC=CC=C6,15,4.82
239,C_254,134151767,COC1=C(C=C(C=C1)C2=NC(=C(N2CC3=CN(N=N3)CC(=O)NC4=C(C=C(C=C4)Cl)Cl)C5=CC=CC=C5)C6=CC=CC=C6)OC,15,4.82
240,C_255,134156711,CC1=CC(=C(C=C1)NC(=O)CN2C=C(N=N2)CN3C(=C(N=C3C4=CC(=CC=C4)Cl)C5=CC=CC=C5)C6=CC=CC=C6)C,15,4.82
241,C_256,134157314,COC(=O)C1=CC=C(C=C1)C2=NC(=C(N2CC3=CN(N=N3)CC(=O)NC4=C(C=CC(=C4)Cl)Cl)C5=CC=CC=C5)C6=CC=CC=C6,15,4.82
242,C_257,135391860,C1=CC=C(C=C1)C2=CC=C(C=C2)C3=CSC(=N3)N/N=C/C4=CC=CC5=CC=CC=C54,6.2,5.21
243,C_258,135580822,COC1=C(C=CC(=C1)/C=N/NC(=O)C2=CC3=CC=CC=C3N2)O,2.3,5.64
244,C_259,135580865,C1=CC=C2C(=C1)C=C(C(=O)O2)C(=O)N/N=C/C3=CC=CC=C3O,1.1,5.96
245,C_260,135603218,C1=CC=C2C(=C1)C=C(N2)C(=O)N/N=C/C3=CC=C(C=C3)O,2.3,5.64
246,C_261,135974165,CC1=C2C(=CC=C1)NC(=N2)C3=CC=C(C=C3)O,5.3,5.28
247,C_262,136163007,CC1=C2C(=CC=C1)NC(=N2)C3=CC=CC=C3O,5.3,5.28
248,C_263,136168639,CC1=C2C(=CC=C1)NC(=N2)C3=C(C=C(C=C3)OC)O,5.3,5.28
249,C_264,136168640,CC1=C2C(=CC=C1)NC(=N2)C3=C(C=CC(=C3)OC)O,5.3,5.28
250,C_265,136180344,C1=CC=C2C(=C1)N=C(S2)C3=CC=C(C=C3)C(=O)N/N=C/C4=C(C=C(C=C4O)O)O,8.37,5.08
251,C_266,136198571,C1=CC2=C(C=C1Cl)N=C(S2)C3=C(C=CC(=C3)Br)O,22,4.66
252,C_267,136661648,CCCN1C2=CC=CC=C2C(=C1O)N=NC(=O)CC3=C(C=C(C=C3)Cl)Cl,2.2,5.66
253,C_268,136661649,C1=CC(=C(C=C1CC(=O)N=NC2=C(NC3=C2C=CC(=C3)Br)O)Cl)Cl,2.2,5.66
254,C_269,136661650,C1=CC(=C(C=C1Cl)Cl)CC(=O)N=NC2=C(NC3=C2C=CC(=C3)Br)O,2.2,5.66
255,C_270,136661651,C1=CC=C(C(=C1)C(=O)N=NC2=C(NC3=C2C=CC(=C3)Br)O)O,2.2,5.66
256,C_271,136706650,CC1=C2C(=CC=C1)NC(=N2)C3=CC(=C(C=C3)O)O,5.3,5.28
257,C_272,136903786,CC1=C2C(=CC=C1)NC(=N2)C3=C(C=C(C=C3)O)O,5.3,5.28
258,C_273,136927555,CC1=C2C(=CC=C1)NC(=N2)C3=C(C=CC(=C3)O)O,5.3,5.28
259,C_274,136961465,COC1=CC(=C(C=C1)O)/C=N/NC(=O)C2=CC=C(C=C2)C3=NC4=CC=CC=C4S3,6.5,5.19
260,C_275,136961466,C1=CC=C2C(=C1)N=C(S2)C3=CC=C(C=C3)C(=O)N/N=C/C4=CC=C(C=C4)O,11.29,4.95
261,C_276,136961467,C1=CC=C2C(=C1)N=C(S2)C3=CC=C(C=C3)C(=O)N/N=C/C4=C(C(=CC=C4)O)O,11.22,4.95
262,C_277,136961468,COC1=CC(=C(C=C1)/C=N/NC(=O)C2=CC=C(C=C2)C3=NC4=CC=CC=C4S3)O,6.97,5.16
263,C_278,136961469,C1=CC=C(C(=C1)/C=N/NC(=O)C2=CC=C(C=C2)C3=NC4=CC=CC=C4S3)O,5.55,5.26
264,C_279,136961470,C1=CC=C2C(=C1)N=C(S2)C3=CC=C(C=C3)C(=O)N/N=C/C4=CC(=C(C=C4)O)O,15.09,4.82
265,C_280,136961471,C1=CC=C2C(=C1)N=C(S2)C3=CC=C(C=C3)C(=O)N/N=C/C4=C(C=C(C=C4)O)O,5.58,5.25
266,C_281,136961472,C1=CC=C2C(=C1)N=C(S2)C3=CC=C(C=C3)C(=O)N/N=C/C4=CC(=C(C=C4)O)Br,8.07,5.09
267,C_282,136961473,COC1=C(C=CC(=C1)/C=N/NC(=O)C2=CC=C(C=C2)C3=NC4=CC=CC=C4S3)O,53.34,4.27
268,C_283,136961474,C1=CC=C2C(=C1)N=C(S2)C3=CC=C(C=C3)C(=O)N/N=C/C4=C(C=CC(=C4)O)O,11.85,4.93
269,C_284,136961580,C1=CC=C2C(=C1)C(=C(N2)O)N=NC3=NC(=CS3)C4=CC=C(C=C4)F,5.3,5.28
270,C_285,136965669,CC1=C2C(=CC=C1)NC(=N2)C3=C(C(=CC=C3)O)O,5.3,5.28
271,C_286,137001841,C1=CC=C2C(=C1)C=C(C(=O)O2)C3=CSC(=N3)C(=O)N/N=C/C4=CC=CC=C4O,6.2,5.21
272,C_287,137001842,C1=CC=C2C(=C1)C=C(C(=O)O2)C3=CSC(=N3)C(=O)N/N=C/C4=CC=C(C=C4)O,6.2,5.21
273,C_288,137001843,CC(C)(C)C1=CC(=C(C(=C1)C(C)(C)C)O)/C=N/NC(=O)C2=NC(=CS2)C3=CC4=CC=CC=C4OC3=O,6.2,5.21
274,C_289,137001844,C1=CC=C2C(=C1)C=C(C(=O)O2)C3=CSC(=N3)C(=O)N/N=C/C4=C(C(=CC(=C4)Cl)Cl)O,6.2,5.21
275,C_290,137001845,C1=CC=C2C(=C1)C=C(C(=O)O2)C3=CSC(=N3)C(=O)N/N=C/C4=CC(=C(C=C4)O)F,6.2,5.21
276,C_291,137001846,C1=CC=C2C(=C1)C=C(C(=O)O2)C3=CSC(=N3)C(=O)N/N=C/C4=C(C=CC(=C4)Cl)O,6.2,5.21
277,C_292,137001847,COC1=CC(=C(C=C1)/C=N/NC(=O)C2=NC(=CS2)C3=CC4=CC=CC=C4OC3=O)O,6.2,5.21
278,C_293,137001849,C1=CC=C2C(=C1)C=C(C(=O)O2)C3=CSC(=N3)C(=O)N/N=C/C4=CC(=C(C=C4)O)O,6.2,5.21
279,C_294,137014966,C1=CC=C2C(=C1)C=C(N2)C(=O)N/N=C/C3=CC(=C(C(=C3)O)O)O,2.3,5.64
280,C_295,137014967,C1=CC=C2C(=C1)C=C(N2)C(=O)N/N=C/C3=C(C=C(C=C3O)O)O,2.3,5.64
281,C_296,137014968,C1=CC=C2C(=C1)C=C(N2)C(=O)N/N=C/C3=C(C=CC(=C3)O)O,2.3,5.64
282,C_297,137014969,C1=CC=C2C(=C1)C=C(N2)C(=O)N/N=C/C3=CC(=C(C=C3)O)O,2.3,5.64
283,C_298,137014970,C1=CC=C2C(=C1)C=C(N2)C(=O)N/N=C/C3=C(C(=CC=C3)O)O,2.3,5.64
284,C_299,137014971,C1=CC=C2C(=C1)C=C(N2)C(=O)N/N=C/C3=CC=CC=C3O,2.3,5.64
285,C_300,137014972,COC1=CC(=C(C=C1)O)/C=N/NC(=O)C2=CC3=CC=CC=C3N2,2.3,5.64
286,C_301,137179324,C1=CC=C2C(=C1)C(=C(N2)O)N=NC(=O)COC3=CC4=C(C=C3)C=CC(=O)O4,2.5,5.6
287,C_302,137179325,CC1=CC2=C(C=C1)NC(=C2N=NC(=O)COC3=CC4=C(C=C3)C=CC(=O)O4)O,2.5,5.6
288,C_303,137179326,CC1=CC(=C2C(=C1)C(=C(N2)O)N=NC(=O)COC3=CC4=C(C=C3)C=CC(=O)O4)C,2.5,5.6
289,C_304,137179327,C1=CC(=CC2=C1C=CC(=O)O2)OCC(=O)N=NC3=C(NC4=C3C=C(C=C4)F)O,2.5,5.6
290,C_305,137179328,C1=CC(=CC2=C1C=CC(=O)O2)OCC(=O)N=NC3=C(NC4=C3C=C(C=C4)Cl)O,2.5,5.6
291,C_306,137179329,C1=CC(=CC2=C1C=CC(=O)O2)OCC(=O)N=NC3=C(NC4=C3C=C(C=C4)Br)O,2.5,5.6
292,C_307,137179330,C1=CC(=CC2=C1C=CC(=O)O2)OCC(=O)N=NC3=C(NC4=C3C=C(C=C4)[N+](=O)[O-])O,2.5,5.6
293,C_308,137179331,CN1C2=CC=CC=C2C(=C1O)N=NC(=O)COC3=CC4=C(C=C3)C=CC(=O)O4,2.5,5.6
294,C_309,137179332,C1=CC=C(C=C1)CN2C3=CC=CC=C3C(=C2O)N=NC(=O)COC4=CC5=C(C=C4)C=CC(=O)O5,2.5,5.6
295,C_310,137179333,C1=CC=C(C(=C1)CN2C3=CC=CC=C3C(=C2O)N=NC(=O)COC4=CC5=C(C=C4)C=CC(=O)O5)F,2.5,5.6
296,C_311,137179334,C1=CC=C2C(=C1)C(=C(N2CC3=CC(=CC=C3)F)O)N=NC(=O)COC4=CC5=C(C=C4)C=CC(=O)O5,2.5,5.6
297,C_312,137179335,C1=CC=C(C(=C1)CN2C3=CC=CC=C3C(=C2O)N=NC(=O)COC4=CC5=C(C=C4)C=CC(=O)O5)Cl,2.5,5.6
298,C_313,137179336,C1=CC=C2C(=C1)C(=C(N2CC3=CC=C(C=C3)Br)O)N=NC(=O)COC4=CC5=C(C=C4)C=CC(=O)O5,2.5,5.6
299,C_314,137179337,CC1=CC2=C(C=C1)N(C(=C2N=NC(=O)COC3=CC4=C(C=C3)C=CC(=O)O4)O)CC5=CC=CC=C5F,2.5,5.6
300,C_315,137179338,CC1=CC2=C(C=C1)N(C(=C2N=NC(=O)COC3=CC4=C(C=C3)C=CC(=O)O4)O)CC5=CC(=CC=C5)F,2.5,5.6
301,C_316,137179339,C1=CC=C(C(=C1)CN2C3=C(C=C(C=C3)Cl)C(=C2O)N=NC(=O)COC4=CC5=C(C=C4)C=CC(=O)O5)F,2.5,5.6
302,C_317,137179340,C1=CC(=CC(=C1)F)CN2C3=C(C=C(C=C3)Cl)C(=C2O)N=NC(=O)COC4=CC5=C(C=C4)C=CC(=O)O5,2.5,5.6
303,C_318,137179341,C1=CC=C(C=C1)CN2C3=C(C=C(C=C3)Br)C(=C2O)N=NC(=O)COC4=CC5=C(C=C4)C=CC(=O)O5,2.5,5.6
304,C_319,137179342,C1=CC=C(C(=C1)CN2C3=C(C=C(C=C3)Br)C(=C2O)N=NC(=O)COC4=CC5=C(C=C4)C=CC(=O)O5)Cl,2.5,5.6
305,C_320,137179343,C1=CC(=CC2=C1C=CC(=O)O2)OCC(=O)N=NC3=C(N(C4=C3C=C(C=C4)Br)CC5=CC=C(C=C5)Br)O,2.5,5.6
306,C_321,137242181,C1=CC=C2C(=C1)C=C(C(=O)O2)C(=O)N/N=C/C3=C(C=C(C=C3)O)O,1.1,5.96
307,C_322,139231919,C1=CC=C(C=C1)C(C2=C(C3=CC=CC=C3OC2=O)N)C4=C(C5=CC=CC=C5OC4=O)N,20,4.7
308,C_323,139589754,CC1=CC(=CC(=C1C(=O)O[C@H]2[C@@H]3COC(=CC3=CC(=O)[C@@]2(C)O)/C=C/[C@H](C)O)O)O,78.6,4.1
309,C_324,139589755,CC1=CC(=CC(=C1C(=O)O[C@H]2[C@@H]3COC(=CC3=CC(=O)[C@@]2(C)O)/C=C/C=O)O)O,22.9,4.64
310,C_325,141348410,C1=CC=C2C(=C1)C(=C(C(=O)O2)C(C3=CC=C(C=C3)[N+](=O)[O-])C4=C(C5=CC=CC=C5OC4=O)N)N,20,4.7
311,C_326,141348411,CC1=CC=C(C=C1)C(C2=C(C3=CC=CC=C3OC2=O)N)C4=C(C5=CC=CC=C5OC4=O)N,20,4.7
312,C_327,141734915,COC1=CC=CC(=C1)C(C2=C(C3=CC=CC=C3OC2=O)N)C4=C(C5=CC=CC=C5OC4=O)N,20,4.7
313,C_328,141734918,C1=CC=C2C(=C1)C(=C(C(=O)O2)C(C3=CC=C(C=C3)O)C4=C(C5=CC=CC=C5OC4=O)N)N,20,4.7
314,C_330,145959976,C[C@@H]([C@@H](C1=CC(=C(C=C1OC)OC)OC)OC)O,80.6,4.09
315,C_331,145963604,CC1=CC=C(C=C1)N\2C(=O)/C(=C/C3=CC=C(C=C3)F)/S/C2=N\NC(=O)C4=CC5=CC=CC=C5OC4=O,0.09,7.05
316,C_332,145963815,CCCOC1=CC=C(C=C1)C2=C(C=C(C(=C2OCCC)OC)C3=CC=C(C=C3)O)OC,10.7,4.97
317,C_333,145963840,COC1=C(C(=C(C(=C1)C2=CC=C(C=C2)O)OC)OC(=O)C3=CC=CO3)C4=CC=C(C=C4)O,35.4,4.45
318,C_334,145963896,COC1=C(C(=C(C(=C1C2=CC=C(C=C2)O)O)OC)C3=CC=C(C=C3)O)Br,7.14,5.15
319,C_335,145964250,COC1=C(C(=C(C(=C1)C2=CC=C(C=C2)OCC=C)OC)OCC=C)C3=CC=C(C=C3)O,8.77,5.06
320,C_336,145964468,C1=CC(=C(C=C1O)O)/C(=C/C(=O)/C=C/C2=C(C=CC(=C2)O)O)/O,20,4.7
321,C_337,145964658,CC1(CCC2=C(O1)C=CC(=C2)CC3=C(C(OC3=O)O)C4=CC=C(C=C4)O)C,13.36,4.87
322,C_338,145964828,C1=CC(=C(C=C1O)/C=C/C(=O)/C=C(/C2=C(C=CC(=C2)O)O)\O)O,19.6,4.71
323,C_339,145965222,CC(C)CCOC1=C(C(=CC(=C1C2=CC=C(C=C2)O)OC)C3=CC=C(C=C3)O)OC,8.58,5.07
324,C_340,145965338,COC1=C(C(=C(C(=C1)C2=CC=C(C=C2)O)OC)OCC=C)C3=CC=C(C=C3)O,83.8,4.08
325,C_341,145966248,C1C/C(=C\C2=CC=CC=C2)/C(=O)/C(=C/C3=CC(=CC=C3)O)/C1,28.4,4.55
326,C_342,145966252,COC1=C(C(=C(C(=C1)C2=CC=C(C=C2)OCCBr)OC)O)C3=CC=C(C=C3)O,16.1,4.79
327,C_343,145966541,CCCOC1=CC=C(C=C1)C2=C(C=C(C(=C2O)OC)C3=CC=C(C=C3)O)OC,12.3,4.91
328,C_344,145966678,COC1=C(C(=C(C(=C1C2=CC=C(C=C2)O)O)OC)C3=CC=C(C=C3)O)Cl,31.3,4.5
329,C_345,145966924,CC(=CCC/C(=C/CC1=C(C(=C(C2=C1OC3=C(C2=O)C=C(C=C3)O)O)CC(C(=C)C)O)O)/C)C,4.8,5.32
330,C_346,145966975,C1=COC(=C1)/C=C/C(=O)/C=C(/C2=C(C=CC(=C2)O)O)\O,14.1,4.85
331,C_347,145967044,C1C/C(=C\C2=CC=CC=C2)/C(=O)/C(=C/C3=CC(=C(C=C3)O)O)/C1,20.3,4.69
332,C_348,145967377,COC1=C(C(=C(C(=C1)C2=CC=C(C=C2)OCC3=CC=CC=C3)OC)O)C4=CC=C(C=C4)O,12.5,4.9
333,C_349,145969640,CC(=CCOC1=CC=C(C=C1)C2=CC(=C(C(=C2OC)OCC=C(C)C)C3=CC=C(C=C3)O)OC)C,53.1,4.27
334,C_350,145969860,CC1(C(OC2=C1C3=C(C(=C2)O)C(=O)C4=C(O3)C(=C(C=C4)O)OC)CO)C,72.7,4.14
335,C_351,145970308,CCCOC1=C(C(=CC(=C1C2=CC=C(C=C2)O)OC)C3=CC=C(C=C3)O)OC,19.3,4.71
336,C_352,145972163,COC1=C(C(=C(C(=C1)C2=CC=C(C=C2)O)OC)OCCBr)C3=CC=C(C=C3)O,18.8,4.73
337,C_353,145972609,CC(=CCC1=C(C=CC(=C1)CC2=C([C@H](OC2=O)OC)C3=CC=C(C=C3)O)O)C,8.65,5.06
338,C_354,145973828,C1=CC=C2C(=C1)C=C(C(=O)O2)C(=O)N/N=C/C3=CC=NC=C3,1.1,5.96
339,C_355,145973915,C1=CC(=CC(=C1)O)/C=C/C(=O)/C=C(/C2=C(C=CC(=C2)Cl)O)\O,36.4,4.44
340,C_356,145973934,COC1=C(C(=C(C(=C1)C2=CC=C(C=C2)OCC#C)OC)OCC#C)C3=CC=C(C=C3)O,20.1,4.7
341,C_357,145974223,CCCOC1=CC=C(C=C1)C2=CC(=C(C(=C2OC)OCCC)C3=CC=C(C=C3)O)OC,8.69,5.06
342,C_358,145974284,COC1=C(C(=C(C(=C1)C2=CC=C(C=C2)OCC=C)OC)O)C3=CC=C(C=C3)O,26.5,4.58
343,C_359,145974668,C1=CC(=C(C=C1/C=C/C(=O)/C=C(/C2=C(C=CC(=C2)Cl)O)\O)O)O,15.1,4.82
344,C_360,145974739,C1=CC=C(C(=C1)/C(=C/C(=O)/C=C/C2=C(C=C(C=C2)O)O)/O)O,40.7,4.39
345,C_361,145974910,CCCOC1=CC=C(C=C1)C2=CC(=C(C(=C2OC)O)C3=CC=C(C=C3)O)OC,10,5
346,C_362,145975037,COC1=C(C(=C(C(=C1)C2=CC=C(C=C2)OCC3=CC=C(C=C3)C4=CC=CC=C4)OC)O)C5=CC=C(C=C5)O,12.2,4.91
347,C_363,145975482,CC(=CCCC(C)(C1CC2=C3C(=C(C(=C2O1)CC=C(C)C)O)C(=O)C4=C(O3)C=CC(=C4)O)O)C,16.1,4.79
348,C_364,145976069,COC1=C(C(=C(C(=C1)C2=CC=C(C=C2)OCCBr)OC)OCCBr)C3=CC=C(C=C3)O,6.67,5.18
349,C_365,145976610,CC(C)CCOC1=CC=C(C=C1)C2=CC(=C(C(=C2OC)O)C3=CC=C(C=C3)O)OC,14.3,4.84
350,C_366,145976670,COC1=C(C(=C(C(=C1)C2=CC=C(C=C2)O)O)O)C3=CC=C(C=C3)O,13.2,4.88
351,C_368,145976888,COC1=C(C(=C(C(=C1)C2=CC=C(C=C2)O)OC)O)C3=CC=C(C=C3)OCC4=CC=CC=C4,12.5,4.9
352,C_369,145977197,COC1=C(C(=C(C(=C1)C2=CC=C(C=C2)O)OC)OCC3=CC=CC=C3)C4=CC=C(C=C4)O,19.1,4.72
353,C_370,145977661,CC(=CCOC1=C(C(=CC(=C1C2=CC=C(C=C2)O)OC)C3=CC=C(C=C3)O)OC)C,23.4,4.63
354,C_371,145977996,CC(=CCCC(=C)C(CC1=C2C(=C(C(=C1O)CC=C(C)C)O)C(=O)C3=C(O2)C=CC(=C3)O)O)C,10.1,5
355,C_372,145978101,COC1=C(C(=C(C(=C1)C2=CC=C(C=C2)O)OC)O)C3=CC=C(C=C3)OCC=C,32.2,4.49
356,C_373,145978278,CC(=CCOC1=CC=C(C=C1)C2=CC(=C(C(=C2OC)O)C3=CC=C(C=C3)O)OC)C,20.1,4.7
357,C_374,145978407,COC1=C(C(=C(C(=C1)C2=CC=C(C=C2)O)OC)O)C3=CC=C(C=C3)OCCBr,18,4.74
358,C_375,145978619,C1=CC(=CC=C1C2=CC(=O)C(=C(C2=O)O)C3=CC=C(C=C3)O)O,22.7,4.64
359,C_376,145978931,C1=CC=C2C(=C1)C(=O)N(C2=O)COC3=C(C=C(C=C3)[N+](=O)[O-])/C=C\4/C(=O)NC(=S)S4,35.79,4.45
360,C_377,145979451,COC1=C(C=CC(=C1)/C=C\2/C(=O)NC(=S)S2)OCN3C(=O)C4=CC=CC=C4C3=O,16.11,4.79
361,C_378,145979918,CCOC1=C(C=CC(=C1)/C=C\2/C(=O)NC(=S)S2)OCN3C(=O)C4=CC=CC=C4C3=O,7.72,5.11
362,C_379,145981550,COC1=CC(=CC(=C1OCN2C(=O)C3=CC=CC=C3C2=O)OC)/C=C\4/C(=O)NC(=S)S4,39.81,4.4
363,C_380,145984650,COC1=C(C=CC(=C1)/C=C\2/C(=O)NC(=O)S2)OCN3C(=O)C4=CC=CC=C4C3=O,35.14,4.45
364,C_381,145984653,C1=CC=C2C(=C1)C(=O)N(C2=O)COC3=C(C=C(C=C3)[N+](=O)[O-])/C=C\4/C(=O)NC(=O)S4,50.45,4.3
365,C_382,145985850,C1=CC=C2C(=C1)C(=O)N(C2=O)COC3=C(C=C(C=C3)/C=C\4/C(=O)NC(=O)S4)[N+](=O)[O-],22.48,4.65
366,C_383,145986556,C1=CC=C2C(=C1)C(=O)N(C2=O)COC3=CC=CC(=C3)/C=C\4/C(=O)NC(=S)S4,33.98,4.47
367,C_384,145986665,C1=CC=C2C(=C1)C(=O)N(C2=O)COC3=C(C=C(C=C3)/C=C\4/C(=O)NC(=O)S4)Cl,20.95,4.68
368,C_385,145988648,C1=CC=C2C(=C1)C(=O)N(C2=O)COC3=C(C=C(C=C3)/C=C\4/C(=O)NC(=S)S4)Cl,5.44,5.26
369,C_386,145989626,C1=CC=C2C(=C1)C(=O)N(C2=O)COC3=CC=C(C=C3)/C=C\4/C(=O)NC(=S)S4,7.91,5.1
370,C_387,145990339,C1=CC=C2C(=C1)C(=O)N(C2=O)COC3=CC=C(C=C3)/C=C\4/C(=O)NC(=O)S4,25.6,4.59
371,C_388,145991381,CCOC1=C(C=CC(=C1)/C=C\2/C(=O)NC(=O)S2)OCN3C(=O)C4=CC=CC=C4C3=O,29.26,4.53
372,C_389,145993316,C1=CC=C2C(=C1)C(=O)N(C2=O)COC3=C(C=C(C=C3)Cl)/C=C\4/C(=O)NC(=S)S4,34.82,4.46
373,C_390,145993688,C1=CC=C2C(=C1)C(=O)N(C2=O)COC3=C(C=C(C=C3)/C=C\4/C(=O)NC(=S)S4)[N+](=O)[O-],6.59,5.18
374,C_391,155510402,C[C@H](CN1C=C(N=N1)C(=O)OC)OC2=C(C=C(C=C2)Br)OC,14,4.85
375,C_392,155510527,CC1=CC=C(C=C1)C2=CSC(=N2)NC(=O)CSC3=NC(=C(N=N3)C4=CC=C(C=C4)Br)C5=CC=C(C=C5)Br,2.8,5.55
376,C_393,155510903,C1=CC(=CC=C1/C=C\2/C3=C(C=C(C=C3)Cl)NC2=O)C4=NN=C(O4)C5=CC(=CC(=C5)O)O,1.2,5.92
377,C_394,155511020,COC1=CC(=C(C=C1)NC(=O)CN2C=C(N=N2)COC3=CC(=C4C(=C3)OC5=C(C4=O)C=CC(=C5)Br)O)OC,2.78,5.56
378,C_395,155511451,C1=CC(=CC=C1C2=CSC(=N2)NC(=O)CSC3=NC(=C(N=N3)C4=CC=C(C=C4)Br)C5=CC=C(C=C5)Br)F,2.8,5.55
379,C_396,155512130,CC1=CC=C(C=C1)C(C2=CNC3=C2C=C(C=C3)C(=O)NNS(=O)(=O)C4=CC=CC=C4[N+](=O)[O-])C5=CNC6=C5C=C(C=C6)C(=O)NNS(=O)(=O)C7=CC=CC=C7[N+](=O)[O-],2.1,5.68
380,C_397,155512321,C1=CC=C2C(=C1)N=NN2C(=O)C3=CC(=C(C=C3)Cl)N,4.32,5.36
381,C_398,155512324,C1=CC=C2C(=C1)C=C(N2)C(=O)N/N=C/C3=CC(=C(C=C3)Br)F,2.3,5.64
382,C_399,155512333,C1=CC(=CC(=C1)F)CSC2=NC(=CC(=N2)C3=CC=C(C=C3)Br)C4=CC=C(C=C4)Br,19,4.72
383,C_400,155512866,C1=CC=C2C(=C1)C=C(C(=O)O2)C3=NN(C(=S)O3)C(C4=C(C=C(C=C4)Cl)Cl)NC5=CC=C(C=C5)NC(C6=C(C=C(C=C6)Cl)Cl)N7C(=S)OC(=N7)C8=CC(=O)OC9=CC=CC=C98,0.07,7.15
384,C_401,155513004,CC1=CC=C(C=C1)C2=CSC(=N2)N=NC3=C(NC4=C3C=C(C=C4)F)O,5.3,5.28
385,C_402,155513999,C1=CC(=C(C=C1NC(=O)CN2C=C(N=N2)COC3=CC(=C4C(=C3)OC5=C(C4=O)C=CC(=C5)O)O)O)O,6.13,5.21
386,C_403,155514095,CC1=CC=C(C=C1)C(C2=CNC3=C2C=C(C=C3)C(=O)NNS(=O)(=O)C4=CC=C(C=C4)[N+](=O)[O-])C5=CNC6=C5C=C(C=C6)C(=O)NNS(=O)(=O)C7=CC=C(C=C7)[N+](=O)[O-],2.1,5.68
387,C_404,155514524,C1=CC(=CC=C1CN2C=C(N=N2)CSC3=NC4=C(S3)C=CC(=C4)Cl)Cl,20,4.7
388,C_405,155514589,CC1=CC=CC=C1C(=O)N=C2N(C(=CS2)C)C3=CC(=C(C=C3Cl)Cl)Cl,0.15,6.82
389,C_406,155514778,CC1=C(C2=CC=CC=C2N1)C3=NN=C(O3)C4=CC=C(C=C4)C(C5=CN(C6=CC=CC=C65)C)C7=CN(C8=CC=CC=C87)C,20,4.7
390,C_407,155515326,CC1=CC=CC=C1N\2C(=O)/C(=C/C3=CC=C(C=C3)F)/S/C2=N\NC(=O)C4=CC5=CC=CC=C5OC4=O,0.09,7.05
391,C_408,155515892,COC1=C(C=C(C=C1)Br)/C=N/C2=NN=C(S2)C3=CC(=CC=C3)[N+](=O)[O-],2.3,5.64
392,C_409,155516122,C1=CC=C(C=C1)COC2=C(C=CC(=C2)C3=NN=C(S3)N)Cl,2.3,5.64
393,C_410,155516250,CC1=CC(=CC=C1)C(=O)N=C2N(C(=CS2)C)C3=CC(=C(C=C3Cl)Cl)Cl,0.1,7
394,C_411,155516355,CC1=CC=C(C=C1)NC(=S)NNC(=O)C2=CC=C(C=C2)C3=NN=C(O3)C4=CC=CC=C4Cl,0.4,6.4
395,C_412,155516406,CC1=CSC(=NC(=O)C2=CC3=CC=CC=C3OC2=O)N1C4=CC(=C(C=C4Cl)Cl)Cl,0.1,7
396,C_413,155516781,C1=CC(=CC=C1CN2C=C(N=N2)CSC3=NC4=C(S3)C=CC(=C4)Cl)Br,20,4.7
397,C_414,155517195,CC1=CC=C(C=C1)C(C2=CNC3=C2C=C(C=C3)C(=O)NNS(=O)(=O)C4=CC=CC=C4Br)C5=CNC6=C5C=C(C=C6)C(=O)NNS(=O)(=O)C7=CC=CC=C7Br,0.1,7
398,C_415,155517485,CC1=CC=C(C=C1)C(C2=CNC3=C2C=C(C=C3)C(=O)NNS(=O)(=O)C4=C(C=CC(=C4)Cl)Cl)C5=CNC6=C5C=C(C=C6)C(=O)NNS(=O)(=O)C7=C(C=CC(=C7)Cl)Cl,0.1,7
399,C_416,155517504,C1=CC=C2C(=C1)C=C(C(=O)O2)C3=CSC(=N3)C(=O)N/N=C/C4=C(C=CC(=C4)O)O,6.2,5.21
400,C_417,155518299,COC1=CC=CC=C1NC(=S)NNC(=O)C2=CC=C(C=C2)C3=NN=C(O3)C4=CC=CC=C4Cl,0.4,6.4
401,C_418,155518413,COC1=CC2=C(C=C1)C(=O)C3=C(C=C(C=C3O2)OCC4=CN(N=N4)CC(=O)NC5=CC(=C(C=C5)OC)OC)O,15.9,4.8
402,C_419,155518475,CC1=CC(=C2C(=C1)C(=C(N2)O)N=NC3=NC(=CS3)C4=CC=C(C=C4)Br)C,5.3,5.28
403,C_420,155518958,C1=CC=C2C(=C1)C=C(C(=O)O2)C(=O)N/N=C/C3=CC=CC=N3,1.1,5.96
404,C_421,155519329,C1=CC=C2C(=C1)C=C(C(=O)O2)C3=NN(C(=S)O3)C(C4=CC(=CC=C4)Br)NC5=CC=C(C=C5)OC6=CC=C(C=C6)NC(C7=CC(=CC=C7)Br)N8C(=S)OC(=N8)C9=CC1=CC=CC=C1OC9=O,0.07,7.15
405,C_422,155519624,C1=CC=C2C(=C1)C(=CN2)C3=NN=C(O3)C4=CC=C(C=C4)C(C5=CNC6=C5C=C(C=C6)Cl)C7=CNC8=C7C=C(C=C8)Cl,20,4.7
406,C_423,155519901,C1=CC=C2C(=C1)C=C(C(=O)O2)C3=NN(C(=S)O3)C(C4=C(C=C(C=C4)Cl)Cl)NC5=CC=C(C=C5)C6=CC=C(C=C6)NC(C7=C(C=C(C=C7)Cl)Cl)N8C(=S)OC(=N8)C9=CC(=O)OC1=CC=CC=C19,0.07,7.15
407,C_424,155519963,CC1=CC=C(C=C1)C(NC2=CC=C(C=C2)C3=CC=C(C=C3)NC(C4=CC=C(C=C4)C)N5C(=S)OC(=N5)C6=CC(=O)OC7=CC=CC=C76)N8C(=S)OC(=N8)C9=CC1=CC=CC=C1OC9=O,0.07,7.15
408,C_425,155520318,C1=CC=C2C(=C1)C=C(C(=O)O2)C3=NN(C(=S)O3)C(C4=CC=C(C=C4)Cl)NC5=CC=C(C=C5)NC(C6=CC=C(C=C6)Cl)N7C(=S)OC(=N7)C8=CC(=O)OC9=CC=CC=C98,0.07,7.15
409,C_426,155520883,CC1=CC=C(C=C1)C2=CC(=NC(=N2)SCC3=CC=CC=C3Cl)C4=CC(=CC=C4)Br,19,4.72
410,C_427,155520902,CCOC(=O)CN1C(=O)/C(=C\C2=CC=C(C=C2)N3C=CC4=C(C=CN=C43)Br)/SC1=O,0.55,6.26
411,C_428,155520978,C1=CC=C(C(=C1)C(=O)CN2C3=CC=CC=C3N=N2)O,4.87,5.31
412,C_429,155521316,CC1=CC=C(C=C1)C(C2=CNC3=C2C=C(C=C3)C(=O)NNS(=O)(=O)C4=CC=CC=C4Cl)C5=CNC6=C5C=C(C=C6)C(=O)NNS(=O)(=O)C7=CC=CC=C7Cl,0.1,7
413,C_430,155521807,C1=CC=C2C(=C1)C=C(C(=O)O2)C3=NN(C(=S)O3)C(C4=CC=C(C=C4)[N+](=O)[O-])NC5=CC=C(C=C5)C6=CC=C(C=C6)NC(C7=CC=C(C=C7)[N+](=O)[O-])N8C(=S)OC(=N8)C9=CC(=O)OC1=CC=CC=C19,0.07,7.15
414,C_431,155522269,C1=CC=C2C(=C1)C=C(C(=O)O2)C(=O)N/N=C/C3=CC(=CC=C3)F,1.1,5.96
415,C_432,155522295,C1=CC=C2C(=C1)C(=CN2)C3=NN=C(O3)C4=CC=C(C=C4)C(C5=CNC6=C5C=C(C=C6)C#N)C7=CNC8=C7C=C(C=C8)C#N,20,4.7
416,C_433,155522340,COC1=CC=C(C=C1)CC2=NN=C(N2CC(=O)NNC(=S)NC3=CC=C(C=C3)Cl)C4=CC=C(C=C4)Cl,3.4,5.47
417,C_434,155522673,CN1C2=CC=CC=C2C(=C1O)N=NC3=NC(=CS3)C4=CC=C(C=C4)F,5.3,5.28
418,C_435,155522925,COC1=CC=C(C=C1)C2=CSC(=N2)NC(=O)CSC3=NC(=C(N=N3)C4=CC=C(C=C4)Br)C5=CC=C(C=C5)Br,2.8,5.55
419,C_436,155523305,C1=CC=C2C(=C1)C=C(C(=O)O2)C3=NN(C(=S)O3)C(C4=C(C=C(C=C4)Cl)Cl)NC5=CC=C(C=C5)OC6=CC=C(C=C6)NC(C7=C(C=C(C=C7)Cl)Cl)N8C(=S)OC(=N8)C9=CC1=CC=CC=C1OC9=O,0.07,7.15
420,C_437,155524062,CC(=O)OC1=CC(=CC2=C1C(=O)C3=C(O2)C=C(C=C3)OC)OCC4=CN(N=N4)CC(=O)NC5=C(C=C(C=C5)OC)OC,33.16,4.48
421,C_438,155524159,CC(=O)OC1=CC(=CC2=C1C(=O)C3=C(O2)C=C(C=C3)OC)OCC4=CN(N=N4)CC(=O)NC5=CC(=C(C=C5)OC)OC,98.63,4.01
422,C_439,155524260,CC1=C(C2=CC=CC=C2N1)C3=NN=C(O3)C4=CC=C(C=C4)C(C5=CNC6=C5C=C(C=C6)Br)C7=CNC8=C7C=C(C=C8)Br,20,4.7
423,C_440,155524303,C1=CC(=CC=C1CSC2=NC(=CC(=N2)C3=CC=C(C=C3)Br)C4=CC=C(C=C4)Br)F,19,4.72
424,C_441,155524371,CC1=CSC(=NC(=O)C2=CC=CC3=CC=CC=C32)N1C4=CC(=C(C=C4Cl)Cl)Cl,0.15,6.82
425,C_442,155524800,COC1=C(C=C(C=C1)NC(=O)CN2C=C(N=N2)COC3=CC(=C4C(=C3)OC5=C(C4=O)C=C(C=C5)Br)O)OC,29.84,4.53
426,C_443,155525398,COC1=CC=C(C=C1)N\2C(=O)/C(=C/C3=CC=C(C=C3)F)/S/C2=N\NC(=O)C4=CC5=CC=CC=C5OC4=O,0.09,7.05
427,C_444,155525485,C1=CC=C(C(=C1)CN2C=C(N=N2)CSC3=NC4=CC=CC=C4S3)Br,20,4.7
428,C_445,155525755,CC1=CSC(=NC(=O)C2=CC=C(C=C2)OC)N1C3=CC(=C(C=C3Cl)Cl)Cl,0.1,7
429,C_446,155525777,C1=CC(=CC=C1/C=C/2\C(=O)NC(=O)S2)N3C=C(C=N3)[N+](=O)[O-],0.55,6.26
430,C_447,155526039,C1=CC2=C(C=C1Cl)N=C(S2)SCC3=CN(N=N3)CC4=CC(=CC(=C4)Cl)Cl,20,4.7
431,C_448,155526708,C1=CC=C2C(=C1)C=C(C(=O)O2)C3=NN(C(=S)O3)C(C4=CC(=CC=C4)Br)NC5=CC=C(C=C5)NC(C6=CC(=CC=C6)Br)N7C(=S)OC(=N7)C8=CC(=O)OC9=CC=CC=C98,0.07,7.15
432,C_449,155526927,C1=CC=C2C(=C1)N=C(S2)SCC3=CN(N=N3)CC4=CC=C(C=C4)Br,20,4.7
433,C_450,155526933,C1=CC=C(C=C1)C2=CSC(=N2)NC(=O)CSC3=NC(=C(N=N3)C4=CC=C(C=C4)F)C5=CC=C(C=C5)F,2.8,5.55
434,C_451,155527075,C1=CC=C2C(=C1)C(=C(C(=O)O2)C(C3=CC(=CC=C3)Cl)C4=C(C5=CC=CC=C5OC4=O)N)N,20,4.7
435,C_452,155527124,CC(C)C[C@@H](C(=O)N[C@@H](CCSC)C(=O)O)NC(=O)[C@H](CO)NC(=O)[C@@H]1CCCN1C(=O)[C@H](C(C)C)NC(=O)[C@H](CCCN=C(N)N)N,23.07,4.64
436,C_453,155527135,CC1=CC=C(C=C1)C2=CC(=NC(=N2)SCC3=CC=C(C=C3)F)C4=CC(=CC=C4)Br,19,4.72
437,C_454,155527576,CC1=CC=C(C=C1)C(C2=CNC3=C2C=C(C=C3)C(=O)NNS(=O)(=O)C4=CC=C(C=C4)C)C5=CNC6=C5C=C(C=C6)C(=O)NNS(=O)(=O)C7=CC=C(C=C7)C,0.1,7
438,C_455,155527615,C1=CC(=CC=C1C2=CSC(=N2)NC(=O)CSC3=NC(=C(N=N3)C4=CC=C(C=C4)F)C5=CC=C(C=C5)F)F,2.8,5.55
439,C_456,155527901,C1=CC=C(C=C1)C2=C(N(C(=N2)C3=C(NC4=CC=CC=C43)C5=CC(=CC=C5)Cl)C6=CC=CC=C6)C7=CC=CC=C7,8.3,5.08
440,C_457,155527937,C1=CC(=CC=C1CSC2=NC(=CC(=N2)C3=CC=C(C=C3)Br)C4=CC=C(C=C4)Br)Cl,19,4.72
441,C_458,155527969,CC1=CC2=C(C=C1)N(C(=C2N=NC3=NC(=CS3)C4=CC=C(C=C4)O)O)CC5=CC=CC=C5F,5.3,5.28
442,C_459,155528082,CC1=CC=C(C=C1)C(C2=CNC3=C2C=C(C=C3)C(=O)NNS(=O)(=O)C4=CC=CC(=C4)[N+](=O)[O-])C5=CNC6=C5C=C(C=C6)C(=O)NNS(=O)(=O)C7=CC=CC(=C7)[N+](=O)[O-],2.1,5.68
443,C_460,155528290,C1=CC(=CC=C1C2=CSC(=N2)N=NC3=C(NC4=C3C=C(C=C4)F)O)F,5.3,5.28
444,C_461,155528293,C1=CC=C2C(=C1)C=C(C(=O)O2)C(=O)N/N=C/C3=CC=CC=C3F,1.1,5.96
445,C_462,155528487,C1=CC=C(C=C1)COC2=CC=C(C=C2)/C=N/C3=NN=C(S3)C4=CC=C(C=C4)Cl,2.3,5.64
446,C_463,155528555,CCOC(=O)C1=C(C[C@H](N([C@@H]1C2=CC=C(C=C2)C)C3=CC(=CC=C3)[N+](=O)[O-])C4=CC=C(C=C4)C)NC5=CC(=CC=C5)[N+](=O)[O-],2.3,5.64
447,C_464,155528794,C1=CC=C2C(=C1)C=C(C(=O)O2)C3=NN(C(=S)O3)C(C4=CC(=CC=C4)Cl)NC5=CC=C(C=C5)C6=CC=C(C=C6)NC(C7=CC(=CC=C7)Cl)N8C(=S)OC(=N8)C9=CC(=O)OC1=CC=CC=C19,0.07,7.15
448,C_465,155529010,COC1=CC=CC(=C1)C(NC2=CC=C(C=C2)C3=CC=C(C=C3)NC(C4=CC(=CC=C4)OC)N5C(=S)OC(=N5)C6=CC(=O)OC7=CC=CC=C76)N8C(=S)OC(=N8)C9=CC1=CC=CC=C1OC9=O,0.07,7.15
449,C_466,155529019,COC1=C(C(=CC(=C1)C(C2=C(C3=CC=CC=C3OC2=O)N)C4=C(C5=CC=CC=C5OC4=O)N)Br)O,20,4.7
450,C_467,155529045,C1=CC=C(C(=C1)CN2C=C(N=N2)CSC3=NC4=C(S3)C=CC(=C4)Cl)F,20,4.7
451,C_468,155529760,C1=CC=C2C(=C1)N=C(S2)SCC3=CN(N=N3)CC4=CC(=CC=C4)F,20,4.7
452,C_469,155529801,CC1=CC(=CC=C1)NC(=S)NNC(=O)C2=CC=C(C=C2)C3=NN=C(O3)C4=CC=CC=C4Cl,0.4,6.4
453,C_470,155530029,COC1=CC=CC=C1N\2C(=O)/C(=C/C3=CC=C(C=C3)F)/S/C2=N\NC(=O)C4=CC5=CC=CC=C5OC4=O,0.09,7.05
454,C_471,155530094,C1=CC=C2C(=C1)C=C(C(=O)O2)C3=NN(C(=S)O3)C(C4=CC=C(C=C4)Cl)NC5=CC=C(C=C5)OC6=CC=C(C=C6)NC(C7=CC=C(C=C7)Cl)N8C(=S)OC(=N8)C9=CC1=CC=CC=C1OC9=O,0.07,7.15
455,C_472,155530344,C1=CC=C(C(=C1)C2=NN=C(O2)C3=CC=C(C=C3)C(=O)NNC(=S)NC4=CC=C(C=C4)[N+](=O)[O-])Cl,0.4,6.4
456,C_473,155530455,CC(=C)C(COC1=C2C(=CC3=C1OC=C3)C=CC(=O)O2)OC(C)(C)[C@@H](COC4=C5C=CC(=O)OC5=CC6=C4C=CO6)O,8.8,5.06
457,C_474,155530855,CC1=CC=C(C=C1)C(C2=CNC3=C2C=C(C=C3)C(=O)NNS(=O)(=O)C4=CC(=C(C=C4)Cl)Cl)C5=CNC6=C5C=C(C=C6)C(=O)NNS(=O)(=O)C7=CC(=C(C=C7)Cl)Cl,0.1,7
458,C_475,155531052,CC1=CC2=C(C=C1)N(C(=C2N=NC3=NC(=CS3)C4=CC=C(C=C4)OC)O)CC5=CC=CC=C5F,5.3,5.28
459,C_476,155531297,C1=CC=C(C=C1)C2=C(C3=C(N2)C=CC(=C3)F)C4=NC(=C(N4C5=CC=CC=C5)C6=CC=CC=C6)C7=CC=CC=C7,8.3,5.08
460,C_477,155531323,CC1=NC=CN1C2=CC=C(C=C2)/C=C/3\C(=O)NC(=O)S3,0.55,6.26
461,C_478,155531355,C[C@H](CN1C=C(N=N1)C2=CC=C(C=C2)C(F)(F)F)OC3=C(C=C(C=C3)C4=CC=C(C=C4)OC)OC,14,4.85
462,C_479,155531367,C1=CC=C2C(=C1)C(=C(C(=O)O2)C(C3=CC(=CC=C3)F)C4=C(C5=CC=CC=C5OC4=O)N)N,20,4.7
463,C_480,155531645,C1=CC=C(C(=C1)CSC2=NC(=CC(=N2)C3=CC=C(C=C3)Br)C4=CC=C(C=C4)Br)F,19,4.72
464,C_481,155531901,COC1=CC(=C(C=C1)NC(=O)CN2C=C(N=N2)COC3=CC(=C4C(=C3)OC5=C(C4=O)C=C(C=C5)Br)O)OC,3.07,5.51
465,C_482,155532040,COC1=CC=CC(=C1)NC(=S)NNC(=O)C2=CC=C(C=C2)C3=NN=C(O3)C4=CC=CC=C4Cl,0.4,6.4
466,C_483,155532338,C1=CC=C2C(=C1)C=C(C(=O)O2)C3=NN(C(=S)O3)C(C4=CC(=CC=C4)Br)NC5=CC=C(C=C5)C6=CC=C(C=C6)NC(C7=CC(=CC=C7)Br)N8C(=S)OC(=N8)C9=CC(=O)OC1=CC=CC=C19,0.07,7.15
467,C_484,155532615,CN(C)C1=CC=C(C=C1)C(NC2=CC=C(C=C2)C3=CC=C(C=C3)NC(C4=CC=C(C=C4)N(C)C)N5C(=S)OC(=N5)C6=CC(=O)OC7=CC=CC=C76)N8C(=S)OC(=N8)C9=CC1=CC=CC=C1OC9=O,0.07,7.15
468,C_485,155532972,CC1=CC=C(C=C1)C(C2=CNC3=C2C=C(C=C3)C(=O)NNS(=O)(=O)C4=CC(=CC(=C4)Cl)Cl)C5=CNC6=C5C=C(C=C6)C(=O)NNS(=O)(=O)C7=CC(=CC(=C7)Cl)Cl,0.1,7
469,C_486,155532978,CN1C=C(C2=CC=CC=C21)C3=NN=C(O3)C4=CC=C(C=C4)C(C5=CNC6=C5C=C(C=C6)Br)C7=CNC8=C7C=C(C=C8)Br,20,4.7
470,C_487,155533171,CC1=CC=C(C=C1)C(NC2=CC=C(C=C2)NC(C3=CC=C(C=C3)C)N4C(=S)OC(=N4)C5=CC(=O)OC6=CC=CC=C65)N7C(=S)OC(=N7)C8=CC9=CC=CC=C9OC8=O,0.07,7.15
471,C_488,155533188,C1=CC=C2C(=C1)C=C(C(=O)O2)C3=NN(C(=S)O3)C(C4=CC=C(C=C4)[N+](=O)[O-])NC5=CC=C(C=C5)OC6=CC=C(C=C6)NC(C7=CC=C(C=C7)[N+](=O)[O-])N8C(=S)OC(=N8)C9=CC1=CC=CC=C1OC9=O,0.07,7.15
472,C_489,155533261,CC1=CC(=C2C(=C1)C(=C(N2)O)N=NC3=NC(=CS3)C4=CC=C(C=C4)F)C,5.3,5.28
473,C_490,155533288,C1=CC=C2C(=C1)C(=CN2)C3=NN=C(O3)C4=CC=C(C=C4)C(C5=CNC6=CC=CC=C65)C7=CNC8=CC=CC=C87,20,4.7
474,C_491,155533632,COC1=CC=CC(=C1)N\2C(=O)/C(=C/C3=CC=C(C=C3)F)/S/C2=N\NC(=O)C4=CC5=CC=CC=C5OC4=O,0.09,7.05
475,C_492,155533650,COC1=C(C=C(C=C1)Br)/C=N/C2=NN=C(S2)C3=CC=C(C=C3)Cl,2.3,5.64
476,C_493,155533786,C1=CC(=CC(=C1)Cl)C(=O)N2C3=CC(=C(C=C3N=N2)Cl)Cl,3,5.52
477,C_494,155533843,C1=CC=C(C=C1)C2=C(N=NC(=N2)SCC(=O)NC3=NC(=CS3)C4=CC=C(C=C4)Br)C5=CC=CC=C5,2.8,5.55
478,C_495,155534877,CC(=O)OC1=CC(=CC2=C1C(=O)C3=C(O2)C=CC(=C3)Br)OCC4=CN(N=N4)CC(=O)NC5=C(C=C(C=C5)OC)OC,12.13,4.92
479,C_496,155534978,C1=CC=C2C(=C1)C(=C(C(=O)O2)C(C3=CC=CC=C3Cl)C4=C(C5=CC=CC=C5OC4=O)N)N,20,4.7
480,C_497,155535264,C1=CC=C2C=C(C(=CC2=C1)C3=NN=C(S3)N)O,2.3,5.64
481,C_498,155535412,C1=CC=C(C=C1)C(=O)C[C@@H](C2=CC(=CC=C2)Br)C3=CNC4=CC=CC=C43,4.3,5.37
482,C_499,155535503,C1=CC=C(C(=C1)/C=N/C2=NN=C(S2)C3=CC=C(C=C3)Cl)[N+](=O)[O-],2.3,5.64
483,C_500,155535751,CN1C=C(C2=CC=CC=C21)C3=NN=C(O3)C4=CC=C(C=C4)C(C5=CNC6=C5C=C(C=C6)Cl)C7=CNC8=C7C=C(C=C8)Cl,20,4.7
484,C_501,155535829,CC1=CC2=C(C=C1C)N(N=N2)CC(=O)C3=CC(=C(C=C3)Cl)Cl,2.04,5.69
485,C_502,155536131,C1=CC(=C(C=C1NC(=O)CN2C=C(N=N2)COC3=CC(=C4C(=C3)OC5=C(C4=O)C=CC(=C5)Br)O)O)O,5.23,5.28
486,C_503,155536491,C1=CC=C(C(=C1)CN2C=C(N=N2)CSC3=NC4=C(S3)C=CC(=C4)Cl)Br,20,4.7
487,C_504,155536535,CN1C=C(C2=CC=CC=C21)C3=NN=C(O3)C4=CC=C(C=C4)C(C5=CNC6=C5C=C(C=C6)Cl)C7=CNC8=CC=CC=C87,2,5.7
488,C_505,155536538,CC1=CC=C(C=C1)C2=CC(=C(C=C2)O[C@H](C)CN3C=C(N=N3)C4=CC=C(C=C4)C(F)(F)F)OC,14,4.85
489,C_506,155536686,CC1=CC=CC=C1/C=N/NC(=O)C2=CC3=CC=CC=C3OC2=O,1.1,5.96
490,C_507,155537150,C1=CC(=C(C=C1NC(=O)CN2C=C(N=N2)COC3=CC(=C4C(=C3)OC5=C(C4=O)C=C(C=C5)O)O)O)O,7.06,5.15
491,C_508,155537256,CC1=CC(=CC=C1)[C@H](CC(=O)C2=CC=CC=C2)C3=CNC4=CC=CC=C43,4.3,5.37
492,C_509,155537292,COC1=CC(=C(C=C1)O)/C=N/NC(=O)C2=CC3=CC=CC=C3OC2=O,1.1,5.96
493,C_510,155537378,C1=CC=C2C(=C1)C=C(C(=O)O2)C(=O)N/N=C\3/N(C(=O)/C(=C/C4=CC=C(C=C4)F)/S3)C5=CC=CC=C5Cl,0.09,7.05
494,C_511,155537531,CC1=C(C2=CC=CC=C2N1)C3=NN=C(O3)C4=CC=C(C=C4)C(C5=CNC6=C5C=C(C=C6)Cl)C7=CNC8=C7C=C(C=C8)Cl,20,4.7
495,C_512,155537893,C1=CC=C2C(=C1)N=C(S2)SCC3=CN(N=N3)CC4=CC(=CC(=C4)Cl)Cl,20,4.7
496,C_513,155537956,COC1=CC(=C(C=C1)/C=N/NC(=O)C2=CC3=CC=CC=C3OC2=O)O,1.1,5.96
497,C_514,155538044,CN1C=C(C2=CC=CC=C21)C3=NN=C(O3)C4=CC=C(C=C4)C(C5=CNC6=C5C=C(C=C6)C#N)C7=CNC8=C7C=C(C=C8)C#N,20,4.7
498,C_515,155538053,CC1=CSC(=NC(=O)C2=CC=CO2)N1C3=CC(=C(C=C3Cl)Cl)Cl,0.1,7
499,C_516,155538463,CC(=O)OC1=CC(=CC2=C1C(=O)C3=C(O2)C=C(C=C3)Br)OCC4=CN(N=N4)CC(=O)NC5=CC(=C(C=C5)OC)OC,26.11,4.58
500,C_517,155538670,C1=CC(=CC=C1C2=NN=C(S2)/N=C/C3=C(C=C(C=C3)Cl)Cl)Cl,2.3,5.64
501,C_518,155538745,CC1=CC=C(C=C1)C2=CSC(=N2)N=NC3=C(N(C4=CC=CC=C43)C)O,5.3,5.28
502,C_519,155538933,CN1C2=CC=CC=C2C(=C1O)N=NC3=NC(=CS3)C4=CC=C(C=C4)OC,5.3,5.28
503,C_520,155538960,COC1=CC=CC(=C1)C(NC2=CC=C(C=C2)NC(C3=CC(=CC=C3)OC)N4C(=S)OC(=N4)C5=CC(=O)OC6=CC=CC=C65)N7C(=S)OC(=N7)C8=CC9=CC=CC=C9OC8=O,0.07,7.15
504,C_521,155539790,C1=CC=C(C=C1)C2=C(C3=CC=CC=C3N2)C(C4=CC=C(C=C4)C5=NN=C(O5)C6=CNC7=CC=CC=C76)C8=C(NC9=CC=CC=C98)C1=CC=CC=C1,20,4.7
505,C_522,155539994,CC(=O)OC1=CC(=CC2=C1C(=O)C3=C(O2)C=C(C=C3)Br)OCC4=CN(N=N4)CC(=O)NC5=C(C=C(C=C5)OC)OC,12.78,4.89
506,C_523,155540166,C1=CC=C2C(=C1)N=NN2CC(=O)C3=C(C(=CC=C3)Cl)Cl,3.47,5.46
507,C_524,155540302,CCOC(=O)C1=C(C[C@H](N([C@@H]1C2=CC=C(C=C2)Cl)C3=CC(=CC=C3)F)C4=CC=C(C=C4)Cl)NC5=CC(=CC=C5)F,2.3,5.64
508,C_525,155540379,C1=CC=C(C=C1)CN2C=C(N=N2)CSC3=NC4=C(S3)C=CC(=C4)Cl,20,4.7
509,C_526,155540420,C1=CC=C2C(=C1)C=C(C(=O)O2)C(=O)N/N=C\3/N(C(=O)/C(=C/C4=CC=C(C=C4)F)/S3)C5=CC=C(C=C5)Cl,0.09,7.05
510,C_527,155541736,CC1=CC=C(C=C1)C(C2=CNC3=C2C=C(C=C3)C(=O)NNS(=O)(=O)C4=C(C=C(C=C4)[N+](=O)[O-])[N+](=O)[O-])C5=CNC6=C5C=C(C=C6)C(=O)NNS(=O)(=O)C7=C(C=C(C=C7)[N+](=O)[O-])[N+](=O)[O-],0.5,6.3
511,C_528,155542053,COC1=CC2=C(C=C1)OC3=CC(=CC(=C3C2=O)O)OCC4=CN(N=N4)CC(=O)NC5=C(C=C(C=C5)OC)OC,8.31,5.08
512,C_529,155542409,C1=CC=C(C=C1)C(=O)C[C@@H](C2=CC(=CC=C2)[N+](=O)[O-])C3=CNC4=CC=CC=C43,4.3,5.37
513,C_530,155542582,C1=CC(=CC=C1/C=C/2\C(=O)N(C(=O)S2)CC(=O)O)N3C=CC4=C(C=CN=C43)Br,0.55,6.26
514,C_531,155542676,CC1=CC(=CC=C1)C(C2=C(C3=CC=CC=C3OC2=O)N)C4=C(C5=CC=CC=C5OC4=O)N,20,4.7
515,C_532,155542741,COC1=C(C(=CC(=C1)C(C2=C(C3=CC=CC=C3OC2=O)N)C4=C(C5=CC=CC=C5OC4=O)N)Cl)O,20,4.7
516,C_533,155543251,COC1=CC=C(C=C1)NC(=S)NNC(=O)C2=CC=C(C=C2)C3=NN=C(O3)C4=CC=CC=C4Cl,0.4,6.4
517,C_534,155543477,CC1=CC=C(C=C1)C2=CSC(=N2)N=NC3=C(N(C4=C3C=C(C=C4)C)CC5=CC=CC=C5F)O,5.3,5.28
518,C_535,155544036,C[C@H](CN1C=C(N=N1)C2=CC=C(C=C2)C(F)(F)F)OC3=C(C=C(C=C3)C4=CC=C(C=C4)[N+](=O)[O-])OC,14,4.85
519,C_536,155544045,C1=CC=C(C(=C1)CN2C=C(N=N2)CSC3=NC4=C(S3)C=CC(=C4)Cl)Cl,20,4.7
520,C_537,155544268,CC1=CC=C(C=C1)C2=CC(=NC(=N2)SCC3=CC=CC=C3Br)C4=CC=C(C=C4)Br,19,4.72
521,C_538,155544539,CC1=CC=C(C=C1)C(C2=CNC3=C2C=C(C=C3)C(=O)NNS(=O)(=O)C4=C(C=C(C=C4)Cl)Cl)C5=CNC6=C5C=C(C=C6)C(=O)NNS(=O)(=O)C7=C(C=C(C=C7)Cl)Cl,0.1,7
522,C_539,155544641,C1=CC=C(C=C1)C(=O)C[C@H](C2=CNC3=CC=CC=C32)C4=C(C=CC=C4Cl)Cl,4.3,5.37
523,C_540,155544678,CC1=CC=C(C=C1)C(C2=CNC3=C2C=C(C=C3)C(=O)NNS(=O)(=O)C4=CC(=C(C=C4Cl)Cl)Cl)C5=CNC6=C5C=C(C=C6)C(=O)NNS(=O)(=O)C7=CC(=C(C=C7Cl)Cl)Cl,0.3,6.52
524,C_541,155545216,COC1=CC2=C(C=C1)C(=O)C3=C(C=C(C=C3O2)OCC4=CN(N=N4)CC(=O)NC5=C(C=C(C=C5)OC)OC)O,2.06,5.69
525,C_542,155545371,C1=CC(=CC=C1C2=C(N=NC(=N2)SCC(=O)NC3=NC(=CS3)C4=CC=C(C=C4)Cl)C5=CC=C(C=C5)F)F,2.8,5.55
526,C_543,155545574,CC(=O)OC1=CC(=CC2=C1C(=O)C3=C(O2)C=CC(=C3)OC)OCC4=CN(N=N4)CC(=O)NC5=C(C=C(C=C5)OC)OC,42.6,4.37
527,C_544,155546295,C1=CC=C2C(=C1)C=C(C(=O)O2)C(=O)N/N=C/C3=C(C(=CC=C3)O)O,1.1,5.96
528,C_545,155546457,CC(=O)NC1=CC=C(C=C1)N2C(=C(N=C2C3=C(NC4=C3C=C(C=C4)F)C5=CC=CC=C5)C6=CC=CC=C6)C7=CC=CC=C7,8.3,5.08
529,C_546,155546505,CC1=C(C=C(C=C1)N\2C(=O)/C(=C/C3=CC=C(C=C3)F)/S/C2=N\NC(=O)C4=CC5=CC=CC=C5OC4=O)C,0.09,7.05
530,C_547,155546673,CCOC(=O)C1=C(C[C@H](N([C@@H]1C2=CC=C(C=C2)Cl)C3=CC(=CC=C3)Cl)C4=CC=C(C=C4)Cl)NC5=CC(=CC=C5)Cl,2.3,5.64
531,C_548,155547288,CN(C)C1=CC=C(C=C1)C(NC2=CC=C(C=C2)NC(C3=CC=C(C=C3)N(C)C)N4C(=S)OC(=N4)C5=CC(=O)OC6=CC=CC=C65)N7C(=S)OC(=N7)C8=CC9=CC=CC=C9OC8=O,0.07,7.15
532,C_549,155547853,C1=CC=C2C(=C1)N=NN2C(=O)C3=C(C(=C(C=C3)F)F)Cl,5.63,5.25
533,C_550,155547925,C1=CC=C2C(=C1)C=C(C(=O)O2)C3=NN(C(=S)O3)C(C4=CC(=CC=C4)Cl)NC5=CC=C(C=C5)NC(C6=CC(=CC=C6)Cl)N7C(=S)OC(=N7)C8=CC(=O)OC9=CC=CC=C98,0.07,7.15
534,C_551,155548029,CC1=CC=C(C=C1)C(C2=CNC3=C2C=C(C=C3)C(=O)NNS(=O)(=O)C4=CC=C(C=C4)Br)C5=CNC6=C5C=C(C=C6)C(=O)NNS(=O)(=O)C7=CC=C(C=C7)Br,0.1,7
535,C_552,155548091,CC(=C)C(COC1=C2C(=C(C3=C1OC(=O)C=C3)OC)C=CO2)OC(C)(C)[C@@H](COC4=C5C=CC(=O)OC5=CC6=C4C=CO6)O,8.8,5.06
536,C_553,155548830,C1=CC=C2C(=C1)C=C(C(=O)O2)C3=NN(C(=S)O3)C(C4=CC=C(C=C4)Br)NC5=CC=C(C=C5)OC6=CC=C(C=C6)NC(C7=CC=C(C=C7)Br)N8C(=S)OC(=N8)C9=CC1=CC=CC=C1OC9=O,0.07,7.15
537,C_554,155549036,C1=CC=C2C(=C1)C=C(C(=O)O2)C3=NN(C(=S)O3)C(C4=CC=C(C=C4)F)NC5=CC=C(C=C5)NC(C6=CC=C(C=C6)F)N7C(=S)OC(=N7)C8=CC(=O)OC9=CC=CC=C98,0.07,7.15
538,C_555,155549196,CN(C)C1=CC=C(C=C1)C(NC2=CC=C(C=C2)OC3=CC=C(C=C3)NC(C4=CC=C(C=C4)N(C)C)N5C(=S)OC(=N5)C6=CC7=CC=CC=C7OC6=O)N8C(=S)OC(=N8)C9=CC1=CC=CC=C1OC9=O,0.07,7.15
539,C_556,155549256,CC1=CC=C(C=C1)C2=CSC(=N2)N=NC3=C(NC4=C(C=C(C=C43)C)C)O,5.3,5.28
540,C_557,155549339,C1=CC(=C(C=C1O)O)NC(=O)CN2C=C(N=N2)COC3=CC(=C4C(=C3)OC5=C(C4=O)C=C(C=C5)O)O,15.62,4.81
541,C_558,155549603,CC1=CC=C(C=C1)C2=CC(=NC(=N2)SCC3=CC=C(C=C3)Cl)C4=CC=C(C=C4)Br,19,4.72
542,C_559,155549930,C1=CC=C2C=C(C=CC2=C1)C(=O)C[C@@H](C3=CC=CS3)C4=CNC5=CC=CC=C54,4.3,5.37
543,C_560,155550722,C1=CC(=CC=C1/C=C/2\C(=O)NC(=O)S2)N3C=CC4=C(C=CN=C43)NC5=CC=C(C=C5)F,0.55,6.26
544,C_561,155550923,C1=CC=C2C(=C1)C(=C(C(=O)O2)C(C3=CC(=CC=C3)Br)C4=C(C5=CC=CC=C5OC4=O)N)N,20,4.7
545,C_562,155551194,CC1=C(C2=CC=CC=C2N1C)C(C3=CC=C(C=C3)C4=NN=C(O4)C5=CNC6=CC=CC=C65)C7=C(N(C8=CC=CC=C87)C)C,20,4.7
546,C_563,155551356,C1=CC=C(C(=C1)NC2=C3C=CN(C3=NC=C2)C4=CC=C(C=C4)/C=C/5\C(=O)NC(=O)S5)OC(F)(F)F,0.55,6.26
547,C_564,155551754,CC1=C(C2=CC=CC=C2N1)C3=NN=C(O3)C4=CC=C(C=C4)C(C5=CNC6=C5C=C(C=C6)C#N)C7=CNC8=C7C=C(C=C8)C#N,20,4.7
548,C_565,155551811,C1=CC=C(C(=C1)C2=NN=C(O2)C3=CC=C(C=C3)C(=O)NNC(=S)NC4=CC=CC=C4Br)Cl,0.4,6.4
549,C_566,155551838,CC(=C)C(COC1=C2C=CC(=O)OC2=CC3=C1C=CO3)OC(C)(C)C(COC4=C5C(=C(C6=C4OC(=O)C=C6)OC)C=CO5)O,8.8,5.06
550,C_567,155552138,C[C@H](CN1C=C(N=N1)C2=CC=C(C=C2)C(F)(F)F)OC3=C(C=C(C=C3)C4=CC=C(C=C4)F)OC,14,4.85
551,C_568,155552221,C1=CC=C(C=C1)NN2C(=CSC2=NC3=CC=C(C=C3)Cl)C4=CC=C(C=C4)Cl,9.6,5.02
552,C_569,155552278,CC(C)(C)C1=CC=C(C=C1)CN2C=C(N=N2)CSC3=NC4=CC=CC=C4S3,20,4.7
553,C_570,155552319,CN1C=C(C2=CC=CC=C21)C3=NN=C(O3)C4=CC=C(C=C4)C(C5=C(NC6=CC=CC=C65)C7=CC=CC=C7)C8=C(NC9=CC=CC=C98)C1=CC=CC=C1,20,4.7
554,C_571,155552510,CC1=CSC(=NC(=O)C2=CC=CC=C2Cl)N1C3=CC(=C(C=C3Cl)Cl)Cl,0.1,7
555,C_572,155552582,C1=CC=C(C(=C1)C2=NN=C(O2)C3=CC=C(C=C3)C(=O)NNC(=S)NC4=CC(=C(C=C4)Cl)Cl)Cl,0.4,6.4
556,C_573,155552633,C1=CC=C2C(=C1)C=NN2C3=CC=C(C=C3)/C=C/4\C(=O)NC(=O)S4,0.55,6.26
557,C_574,155552870,C1=CC=C2C(=C1)C=C(C(=O)O2)C(=O)N/N=C/C3=CC=C(C=C3)F,1.1,5.96
558,C_575,155552897,CC1=CC=C(C=C1)C2=CSC(=N2)NC(=O)CSC3=NC(=C(N=N3)C4=CC=C(C=C4)F)C5=CC=C(C=C5)F,2.8,5.55
559,C_576,155552997,C1=CC(=CC=C1C2=CSC(=N2)NC(=O)CSC3=NC(=C(N=N3)C4=CC=C(C=C4)Br)C5=CC=C(C=C5)Br)Br,2.8,5.55
560,C_577,155553123,C1=CC(=CC=C1C2=C(N=NC(=N2)SCC(=O)NC3=NC(=CS3)C4=CC=C(C=C4)Br)C5=CC=C(C=C5)F)F,2.8,5.55
561,C_578,155553329,C1=CC(=CC(=C1)F)CSC2=NC(=CC(=N2)C3=CC(=CC=C3)Br)C4=CC=C(C=C4)Br,19,4.72
562,C_579,155553432,CC1=CC2=C(C=C1)NC(=C2N=NC3=NC(=CS3)C4=CC=C(C=C4)O)O,5.3,5.28
563,C_580,155553806,COC1=CC=C(C=C1)N2C(=C(N=C2C3=C(NC4=CC=CC=C43)C5=CC(=CC=C5)Br)C6=CC=CC=C6)C7=CC=CC=C7,8.3,5.08
564,C_581,155554008,CC1=CC=C(C=C1)C(NC2=CC=C(C=C2)OC3=CC=C(C=C3)NC(C4=CC=C(C=C4)C)N5C(=S)OC(=N5)C6=CC7=CC=CC=C7OC6=O)N8C(=S)OC(=N8)C9=CC1=CC=CC=C1OC9=O,0.07,7.15
565,C_582,155554549,C1=CC=C(C=C1)C(=O)C[C@@H](C2=CC=C(C=C2)Br)C3=CNC4=CC=CC=C43,4.3,5.37
566,C_583,155554792,CC1=C(C(=CC=C1)C)N\2C(=O)/C(=C/C3=CC=C(C=C3)F)/S/C2=N\NC(=O)C4=CC5=CC=CC=C5OC4=O,0.09,7.05
567,C_584,155554991,C1=CC(=CC=C1C2=CSC(=N2)N=NC3=C(NC4=C3C=C(C=C4)Cl)O)Br,5.3,5.28
568,C_585,155555150,C1=CC=C(C(=C1)C2=NN=C(O2)C3=CC=C(C=C3)C(=O)NNC(=S)NC4=CC=C(C=C4)Cl)Cl,0.4,6.4
569,C_586,155555166,C1=CC=C(C=C1)C2=C(N(C(=N2)C3=C(NC4=CC=CC=C43)C5=CC(=CC=C5)Br)C6=CC=C(C=C6)Br)C7=CC=CC=C7,8.3,5.08
570,C_587,155555225,C1=CC=C2C(=C1)N=C(S2)SCC3=CN(N=N3)CC4=CC=C(C=C4)Cl,20,4.7
571,C_588,155555379,C1=CC=C(C(=C1)C2=NN=C(O2)C3=CC=C(C=C3)C(=O)NNC(=S)NC4=CC(=CC=C4)F)Cl,0.4,6.4
572,C_589,155555472,C1=CC=C2C(=C1)C=C(C(=O)O2)C3=NN(C(=S)O3)C(C4=CC=C(C=C4)Br)NC5=CC=C(C=C5)C6=CC=C(C=C6)NC(C7=CC=C(C=C7)Br)N8C(=S)OC(=N8)C9=CC(=O)OC1=CC=CC=C19,0.07,7.15
573,C_590,155555653,C1=CC=C2C(=C1)C=C(C(=O)O2)C3=NN(C(=S)O3)C(C4=CC=C(C=C4)[N+](=O)[O-])NC5=CC=C(C=C5)NC(C6=CC=C(C=C6)[N+](=O)[O-])N7C(=S)OC(=N7)C8=CC(=O)OC9=CC=CC=C98,0.07,7.15
574,C_591,155555852,CC(C)(C)C1=CC=C(C=C1)CN2C=C(N=N2)CSC3=NC4=C(S3)C=CC(=C4)Cl,20,4.7
575,C_592,155555930,CN1C=C(C2=CC=CC=C21)C3=NN=C(O3)C4=CC=C(C=C4)C(C5=CNC6=CC=CC=C65)C7=CNC8=CC=CC=C87,20,4.7
576,C_593,155556035,C[C@H](CN1C=C(N=N1)C2=CC=C(C=C2)F)OC3=C(C=C(C=C3)Br)OC,14,4.85
577,C_594,155556297,C1=CC=C(C(=C1)C2=NN=C(O2)C3=CC=C(C=C3)C(=O)NNC(=S)NC4=CC=CC=C4Cl)Cl,0.7,6.15
578,C_595,155556557,C1=CC=C(C(=C1)C2=NN=C(O2)C3=CC=C(C=C3)C(=O)NNC(=S)NC4=CC(=CC=C4)[N+](=O)[O-])Cl,0.4,6.4
579,C_596,155556585,CC1=C(C2=CC=CC=C2N1)C3=NN=C(O3)C4=CC=C(C=C4)C(C5=C(NC6=CC=CC=C65)C7=CC=CC=C7)C8=C(NC9=CC=CC=C98)C1=CC=CC=C1,20,4.7
580,C_597,155556628,C1=CC(=CC(=C1)[N+](=O)[O-])C2=NN=C(S2)/N=C/C3=C(C=C(C=C3)Cl)Cl,2.3,5.64
581,C_598,155557040,C1=CC=C(C=C1)C(=O)C[C@@H](C2=C(C=C(C=C2)Cl)Cl)C3=CNC4=CC=CC=C43,4.3,5.37
582,C_599,155557333,C1=CC=C(C(=C1)C2=NN=C(O2)C3=CC=C(C=C3)C(=O)NNC(=S)NC4=CC=C(C=C4)Br)Cl,0.4,6.4
583,C_600,155557845,CN1CCN(CC1)CN2C(=S)OC(=N2)CN3C(=NN=C3C4=CC=C(C=C4)Cl)CC5=CC=C(C=C5)OC,4.3,5.37
584,C_601,155558468,C1=CC2=C(C=C1O)OC3=CC(=CC(=C3C2=O)O)OCC4=CN(N=N4)CC(=O)NC5=C(C=C(C=C5)O)O,17.61,4.75
585,C_602,155558478,CC1=CC(=C(C=C1)N\2C(=O)/C(=C/C3=CC=C(C=C3)F)/S/C2=N\NC(=O)C4=CC5=CC=CC=C5OC4=O)C,0.09,7.05
586,C_603,155559088,CC(=CCC/C(=C/CC/C(=C/CC1=C(C(=CC2=C1C(=O)C3=C(C=C(C=C3O2)O)O)O)O)/C)/C)C,76.2,4.12
587,C_604,155559089,CC(=O)OC1=CC(=CC2=C1C(=O)C3=C(O2)C=CC(=C3)Br)OCC4=CN(N=N4)CC(=O)NC5=CC(=C(C=C5)OC)OC,32.33,4.49
588,C_605,155559778,C1=CC(=CC=C1/C=N/C2=NN=C(S2)C3=CC=C(C=C3)Cl)O,2.3,5.64
589,C_606,155559850,CC(=CCC/C(=C/CC/C(=C/CCC(C)(CCC1=C(C(=CC2=C1C(=O)C3=C(C=C(C=C3O2)O)O)O)O)O)/C)/C)C,15.4,4.81
590,C_607,155560301,C1=CC(=C(C=C1O)O)NC(=O)CN2C=C(N=N2)COC3=CC(=C4C(=C3)OC5=C(C4=O)C=CC(=C5)Br)O,5.87,5.23
591,C_608,155560470,CCOC(=O)C1=C(C[C@H](N([C@@H]1C2=CC=C(C=C2)Cl)C3=CC(=CC=C3)Br)C4=CC=C(C=C4)Cl)NC5=CC(=CC=C5)Br,2.3,5.64
592,C_609,155560581,CC1=CC=C(C=C1)C2=CC(=NC(=N2)SCC3=CC(=CC=C3)F)C4=CC(=CC=C4)Br,19,4.72
593,C_610,155560899,CC1=CC2=C(C=C1C)N(N=N2)CC(=O)C3=CC=C(C=C3)OC,2.6,5.59
594,C_611,155561331,C1=CC(=C(C=C1NC(=O)CN2C=C(N=N2)COC3=CC(=C4C(=C3)OC5=C(C4=O)C=C(C=C5)Br)O)O)O,3.17,5.5
595,C_612,155561485,COC1=C(C=C(C=C1)NC(=O)CN2C=C(N=N2)COC3=CC(=C4C(=C3)OC5=C(C4=O)C=CC(=C5)Br)O)OC,11.82,4.93
596,C_613,155561638,C[C@H](CN1C=C(N=N1)C2=CC=CC=C2)OC3=C(C=C(C=C3)Br)OC,14,4.85
597,C_614,155562117,CC1=C(C2=CC=CC=C2N1C)C(C3=CC=C(C=C3)C4=NN=C(O4)C5=CN(C6=CC=CC=C65)C)C7=C(N(C8=CC=CC=C87)C)C,20,4.7
598,C_615,155562458,C1=CC=C2C(=C1)C(=C(C(=O)O2)C(C3=CC=CC=C3F)C4=C(C5=CC=CC=C5OC4=O)N)N,20,4.7
599,C_616,155562954,COC1=CC=C(C=C1)N2C(=C(N=C2C3=C(NC4=C3C=C(C=C4)Cl)C5=CC=C(C=C5)Cl)C6=CC=CC=C6)C7=CC=CC=C7,8.3,5.08
600,C_617,155562957,C1=CC(=CC=C1C2=CSC(=N2)NC(=O)CSC3=NC(=C(N=N3)C4=CC=C(C=C4)Br)C5=CC=C(C=C5)Br)Cl,2.8,5.55
601,C_618,155563314,CC1=CC(=CC(=C1C)C)C(=O)N2C3=CC=CC=C3N=N2,4.23,5.37
602,C_619,155563415,C1=CC=C(C(=C1)CSC2=NC(=CC(=N2)C3=CC=C(C=C3)Br)C4=CC=C(C=C4)Br)Cl,19,4.72
603,C_620,155563631,CC1=C(C=C(C=C1)C(=O)N2C3=CC(=C(C=C3N=N2)Cl)Cl)C,3.82,5.42
604,C_621,155563923,CN1C=C(C2=CC=CC=C21)C(C3=CC=C(C=C3)C4=NN=C(O4)C5=CNC6=CC=CC=C65)C7=CN(C8=CC=CC=C87)C,20,4.7
605,C_622,155564193,C1=CC=C(C(=C1)CSC2=NC(=CC(=N2)C3=CC(=CC=C3)Br)C4=CC=C(C=C4)Br)Cl,19,4.72
606,C_623,155564556,C1=CC=C2C(=C1)C=C(C(=O)O2)C3=NN(C(=S)O3)C(C4=CC=C(C=C4)Cl)NC5=CC=C(C=C5)C6=CC=C(C=C6)NC(C7=CC=C(C=C7)Cl)N8C(=S)OC(=N8)C9=CC(=O)OC1=CC=CC=C19,0.07,7.15
607,C_624,155564904,CC1=CC2=C(C=C1C)N(N=N2)CC(=O)C3=CC=CC=C3O,3.3,5.48
608,C_625,155565000,CN1C=C(C2=CC=CC=C21)C3=NN=C(O3)C4=CC=C(C=C4)C(C5=CN(C6=CC=CC=C65)C)C7=CN(C8=CC=CC=C87)C,20,4.7
609,C_626,155565007,C1=CC=C(C=C1)C2=CSC(=N2)NC(=O)CSC3=NC(=C(N=N3)C4=CC=C(C=C4)Br)C5=CC=C(C=C5)Br,2.8,5.55
610,C_627,155565566,C1=CC=C(C=C1)C2=C(C3=C(N2)C=CC(=C3)F)C4=NC(=C(N4C5=CC(=CC=C5)Cl)C6=CC=CC=C6)C7=CC=CC=C7,8.3,5.08
611,C_628,155565848,C1=CC(=CC(=C1)F)CN2C=C(N=N2)CSC3=NC4=C(S3)C=CC(=C4)Cl,20,4.7
612,C_629,155565849,CC(=CCC/C(=C/CCC(C)(CCC1=C(C(=CC2=C1C(=O)C3=C(C=C(C=C3O2)O)O)O)O)O)/C)C,25.4,4.6
613,C_630,155565952,C1=CC=C(C(=C1)C2=NN=C(O2)C3=CC=C(C=C3)C(=O)NNC(=S)NC4=CC=C(C=C4)C(F)(F)F)Cl,0.6,6.22
614,C_631,155566243,C1=CC=C(C(=C1)C2=NN=C(O2)C3=CC=C(C=C3)C(=O)NNC(=S)NC4=CC=C(C=C4)F)Cl,0.4,6.4
615,C_632,155566721,CC1=C(C2=CC=CC=C2N1)C3=NN=C(O3)C4=CC=C(C=C4)C(C5=C(N(C6=CC=CC=C65)C)C)C7=C(N(C8=CC=CC=C87)C)C,20,4.7
616,C_633,155566820,C1=CC(=CC=C1CN2C=C(N=N2)CSC3=NC4=C(S3)C=CC(=C4)Cl)F,20,4.7
617,C_634,155566948,C1=CC=C(C(=C1)C2=NN=C(O2)C3=CC=C(C=C3)C(=O)NNC(=S)NC4=CC=CC=C4F)Cl,0.4,6.4
618,C_635,155567023,C[C@H](CN1C=C(N=N1)C2=CC=C(C=C2)C(F)(F)F)OC3=C(C=C(C=C3)Br)OC,14,4.85
619,C_636,155567941,CC1=CC(=CC=C1)/C=N/NC(=O)C2=CC3=CC=CC=C3OC2=O,1.1,5.96
620,C_637,155568099,C1=CC(=CC=C1/C=C/2\C(=O)NC(=O)S2)N3C=CC4=C(C=CN=C43)Br,0.55,6.26
621,C_638,155568175,CC1=C(C2=CC=CC=C2N1)C3=NN=C(O3)C4=CC=C(C=C4)C(C5=CNC6=CC=CC=C65)C7=CNC8=CC=CC=C87,20,4.7
622,C_639,155568325,CC1=CC(=CC(=C1)N\2C(=O)/C(=C/C3=CC=C(C=C3)F)/S/C2=N\NC(=O)C4=CC5=CC=CC=C5OC4=O)C,0.09,7.05
623,C_640,155568837,CC1=CC(=CC=C1)N\2C(=O)/C(=C/C3=CC=C(C=C3)F)/S/C2=N\NC(=O)C4=CC5=CC=CC=C5OC4=O,0.09,7.05
624,C_641,155569088,CC1=CC=C(C=C1)C(C2=CNC3=C2C=C(C=C3)C(=O)NNS(=O)(=O)C4=C(C(=CC=C4)Cl)Cl)C5=CNC6=C5C=C(C=C6)C(=O)NNS(=O)(=O)C7=C(C(=CC=C7)Cl)Cl,0.1,7
625,C_642,155569623,C1=CC=C2C(=C1)N=C(N2CC3=CC=C(C=C3)Cl)C4=CC=C(C=C4)/C=C\5/C(=O)NC(=O)S5,0.54,6.27
626,C_643,155569636,COC1=C(C=CC(=C1)C2=NN=C(S2)/N=C/C3=CC=C(C=C3)O)OCC4=CC=CC=C4,2.3,5.64
